disease_2,disease_name,category,count,co_occurrence,odds_ratio,p_value,95_ci_lower,95_ci_upper
799.4 ,Cachexia,"Comorbidities, signs, and ill-defined...",878,62,7.76,2.036562e-32,5.86,10.12
402.11 ,Benign hypertensive heart disease...,Diseases of the circulatory system,1950,126,7.37,1.097915e-60,6.05,8.91
402 ,Hypertensive heart disease,Diseases of the circulatory system,8976,426,6.68,2.45465e-167,5.93,7.51
250.4 ,Diabetes with renal manifestations,"Endocrine, nutritional and metabolic...",723,43,6.37,4.605049e-20,4.55,8.72
721.4 ,Thoracic or lumbar spondylosis...,Diseases of the musculoskeletal...,563,32,6.03,0.000000000000009313621,4.06,8.65
346 ,Migraine,Diseases of the nervous system,519,29,5.91,0.0000000000002512333,3.9,8.63
533.91 ,"Peptic ulcer of unspecified site,...",Diseases of the digestive system,801,44,5.86,3.442555e-19,4.2,7.98
307.4 ,Specific disorders of sleep of...,Mental disorders,930,46,5.25,3.111863e-18,3.79,7.1
402.10 ,Benign hypertensive heart disease...,Diseases of the circulatory system,7575,314,5.22,1.10342e-103,4.58,5.94
386.0 ,Meniere's disease,Diseases of the nervous system,1402,61,4.62,5.868104e-21,3.5,6.02
715.98 ,"Osteoarthrosis, unspecified whether...",Diseases of the musculoskeletal...,1274,54,4.48,3.225612e-18,3.33,5.92
250.6 ,Diabetes with neurological manifestations,"Endocrine, nutritional and metabolic...",886,37,4.36,0.0000000000009676484,3.04,6.1
692.8 ,"Contact dermatitis and other eczema,...",Diseases of the skin and subcutaneous...,671,28,4.34,0.0000000005493088,2.85,6.36
435 ,Transient cerebral ischemia,Diseases of the circulatory system,576,24,4.32,0.0000000093976897,2.73,6.52
715.0 ,"Osteoarthrosis, generalized",Diseases of the musculoskeletal...,1038,42,4.23,0.0000000000000816586,3.02,5.8
560 ,Intestinal obstruction without...,Diseases of the digestive system,766,31,4.21,0.0000000001411463,2.83,6.05
250.0 ,Diabetes Mellitus w/m of complication,"Endocrine, nutritional and metabolic...",5359,195,4.16,8.606537e-54,3.55,4.86
402.9 ,Hypertensive heart disease unspecified,Diseases of the circulatory system,6788,234,4.02,7.46888e-61,3.47,4.65
413 ,Angina pectoris,Diseases of the circulatory system,2488,92,3.97,6.306978e-26,3.16,4.92
698 ,Pruritus and related conditions,Diseases of the skin and subcutaneous...,1678,63,3.96,1.917698e-18,3.01,5.13
531.9 ,"Gastric ulcer, unspecified as...",Diseases of the digestive system,1272,48,3.95,0.00000000000001848359,2.88,5.3
533.0 ,"Peptic ulcer, site unspecified...",Diseases of the digestive system,707,27,3.95,0.0000000071821167,2.57,5.83
250.01 ,Diabetes mellitus without mention...,"Endocrine, nutritional and metabolic...",645,24,3.84,0.000000077706196,2.43,5.79
386 ,Vertiginous syndromes and other...,Diseases of the nervous system,3236,114,3.82,4.061295e-30,3.11,4.64
380.23 ,Other chronic otitis externa,Diseases of the nervous system,948,34,3.71,0.0000000004312126,2.55,5.26
535.4 ,Other specified gastritis,Diseases of the digestive system,1158,41,3.68,0.00000000001059022,2.61,5.05
300.0 ,Anxiety states,Mental disorders,3519,119,3.67,7.742198e-30,3,4.44
427 ,Cardiac dysrhythmias,Diseases of the circulatory system,3430,116,3.66,4.201899e-29,2.99,4.45
386.1 ,Other and unspecified peripheral...,Diseases of the nervous system,1327,46,3.61,0.000000000001219011,2.62,4.87
366.8 ,Other cataract,Diseases of the nervous system,1097,38,3.59,0.0000000001107465,2.51,4.99
372.1 ,Chronic conjunctivitis,Diseases of the nervous system,10706,316,3.59,4.467893e-68,3.15,4.08
715 ,Osteoarthrosis and allied disorders,Diseases of the musculoskeletal...,5125,162,3.5,4.298948e-37,2.94,4.14
721 ,Spondylosis and allied disorders,Diseases of the musculoskeletal...,1921,64,3.5,3.08944e-16,2.67,4.52
592 ,Calculus of kidney and ureter,Diseases of the genitourinary...,649,22,3.48,0.0000012411053,2.16,5.34
401.1 ,Benign essential hypertension,Diseases of the circulatory system,10959,314,3.47,1.160612e-64,3.04,3.94
789 ,Other symptoms involving abdomen...,"Comorbidities, signs, and ill-defined...",861,29,3.47,0.000000031213629,2.3,5.04
388.3 ,Tinitus,Diseases of the nervous system,1509,50,3.45,0.0000000000006736059,2.54,4.6
702.0 ,Actinic keratosis,Diseases of the skin and subcutaneous...,838,28,3.44,0.00000006313681,2.26,5.03
428.1 ,Left heart failure,Diseases of the circulatory system,538,18,3.43,0.0000132462,2.01,5.49
718.40 ,"Contracture of joint, site unspecified",Diseases of the musculoskeletal...,516,17,3.37,0.0000275887,1.94,5.47
721.9 ,Spondylosis of unspecified site,Diseases of the musculoskeletal...,641,21,3.36,0.0000036281301,2.06,5.2
366.1 ,Senile cataract,Diseases of the nervous system,7473,219,3.34,2.173681e-45,2.87,3.87
533.9 ,"Peptic ulcer, site unspecified,...",Diseases of the digestive system,5981,179,3.33,5.325978e-38,2.83,3.91
434.0 ,Cerebral thrombosis,Diseases of the circulatory system,4835,146,3.3,2.452862e-31,2.75,3.93
440.8 ,Atherosclerosis of other specified...,Diseases of the circulatory system,531,17,3.27,0.0000393476,1.88,5.31
434 ,Occlusion of cerebral arteries,Diseases of the circulatory system,3605,108,3.2,4.692373e-23,2.6,3.91
401 ,Essential hypertension,Diseases of the circulatory system,10136,275,3.18,2.463006e-51,2.77,3.64
477 ,Allergic rhinitis,Diseases of the respiratory system,2359,71,3.16,0.000000000000001228581,2.44,4.02
307.40 ,"Nonorganic sleep disorder, unspecified",Mental disorders,1372,42,3.16,0.0000000004972203,2.26,4.32
531 ,Gastric ulcer,Diseases of the digestive system,2568,77,3.15,9.154107e-17,2.46,3.99
294.1 ,Dementia in conditions classified...,Mental disorders,823,25,3.11,0.0000017349762,1.99,4.65
491.1 ,Mucopurulent chronic bronchitis,Diseases of the respiratory system,3092,90,3.08,1.351527e-18,2.45,3.83
414 ,Other forms of chronic ischemic...,Diseases of the circulatory system,4957,140,3.06,3.151493e-27,2.55,3.66
574.2 ,Calculus of gallbladder without...,Diseases of the digestive system,634,19,3.06,0.0000347632,1.82,4.83
702.1 ,Seborrheic keratosis,Diseases of the skin and subcutaneous...,1457,43,3.05,0.000000000926083,2.18,4.15
487.8 ,Influenza with other manifestations,Diseases of the respiratory system,2831,82,3.05,6.332654e-17,2.4,3.83
706.1 ,Other acne,Diseases of the skin and subcutaneous...,580,17,2.98,0.0001143502,1.72,4.84
715.9 ,"Osteoarthrosis, unspecified whether...",Diseases of the musculoskeletal...,4616,128,2.98,3.069282e-24,2.46,3.59
715.1 ,"Osteoarthrosis, localized, primary",Diseases of the musculoskeletal...,624,18,2.94,0.0000891229,1.72,4.7
715.16 ,"Osteoarthrosis, localized, primary,...",Diseases of the musculoskeletal...,5645,152,2.93,2.054141e-27,2.45,3.48
487 ,Influenza,Diseases of the respiratory system,3773,104,2.93,1.167313e-19,2.37,3.59
413.9 ,Other and unspecified angina pectoris,Diseases of the circulatory system,9735,247,2.9,8.577779e-41,2.51,3.34
290.2 ,Senile dementia with delusional...,Mental disorders,597,17,2.9,0.0001606606,1.67,4.7
535 ,Gastritis and duodenitis,Diseases of the digestive system,4118,112,2.9,1.145365e-20,2.36,3.53
724 ,Other and unspecified disorders...,Diseases of the musculoskeletal...,1241,35,2.89,0.000000097281329,2,4.07
342.9 ,"Hemiplegia, unspecified",Diseases of the nervous system,961,27,2.87,0.0000029090341,1.87,4.22
533 ,"Peptic ulcer, site unspecified",Diseases of the digestive system,5261,140,2.87,8.571739e-25,2.39,3.43
435.1 ,Vertebral artery syndrome,Diseases of the circulatory system,1299,36,2.84,0.000000098016132,1.97,3.98
726.10 ,Disorders of bursae and tendons...,Diseases of the musculoskeletal...,646,18,2.83,0.0001366262,1.66,4.53
372.2 ,Blepharoconjunctivitis,Diseases of the nervous system,1049,29,2.83,0.0000017414006,1.88,4.1
366.53 ,"After-cataract, obscuring vision",Diseases of the nervous system,1570,43,2.82,0.0000000081277535,2.02,3.84
532 ,Duodenal ulcer,Diseases of the digestive system,1395,38,2.8,0.000000067538851,1.96,3.88
349.89 ,Other specified disorders of nervous...,Diseases of the nervous system,1057,29,2.8,0.0000020174612,1.86,4.07
733.0 ,Osteoporosis,Diseases of the musculoskeletal...,3198,85,2.79,0.000000000000002235612,2.21,3.49
367.4 ,Presbyopia,Diseases of the nervous system,2088,56,2.78,0.0000000001011786,2.08,3.64
389.1 ,Sensorineural hearing loss,Diseases of the nervous system,1483,40,2.77,0.0000000399779,1.96,3.81
491.2 ,Obstructive chronic bronchitis,Diseases of the respiratory system,3549,93,2.76,3.808386e-16,2.2,3.42
274 ,Gout,"Endocrine, nutritional and metabolic...",3701,96,2.73,1.753055e-16,2.19,3.38
272.2 ,Mixed hyperlipidemia,"Endocrine, nutritional and metabolic...",3486,90,2.71,0.000000000000002046769,2.16,3.37
372.0 ,Acute conjunctivitis,Diseases of the nervous system,1905,50,2.71,0.0000000020412687,1.99,3.6
682 ,Other cellulitis and abscess,Diseases of the skin and subcutaneous...,1599,42,2.7,0.000000038209374,1.93,3.68
365 ,Glaucoma,Diseases of the nervous system,1025,27,2.69,0.0000092462871,1.75,3.95
715.09 ,"Osteoarthrosis, generalized, multiple...",Diseases of the musculoskeletal...,1452,38,2.68,0.000000182808,1.88,3.72
366.14 ,Posterior subcapsular polar senile...,Diseases of the nervous system,915,24,2.67,0.0000302499,1.7,4.02
414.8 ,Other specified forms of chronic...,Diseases of the circulatory system,3426,87,2.66,0.00000000000001389079,2.11,3.32
692.89 ,Contact dermatitis and other eczema...,Diseases of the skin and subcutaneous...,3319,84,2.65,0.00000000000004795583,2.09,3.31
571.8 ,Other chronic nonalcoholic liver...,Diseases of the digestive system,537,14,2.64,0.0013541773,1.43,4.49
250 ,Diabetes mellitus,"Endocrine, nutritional and metabolic...",6428,156,2.63,2.342975e-23,2.2,3.11
427.81 ,Sinoatrial node dysfunction,Diseases of the circulatory system,986,25,2.58,0.0000361116,1.65,3.85
756.12 ,Spondylolisthesis,Congenital anomalies,671,17,2.57,0.0006052023,1.48,4.16
401.0 ,Malignant essential hypertension,Diseases of the circulatory system,2752,68,2.56,0.00000000005153993,1.97,3.28
537.9 ,Unspecified disorder of stomach...,Diseases of the digestive system,594,15,2.56,0.0012721035,1.42,4.27
411 ,Other acute and subacute forms...,Diseases of the circulatory system,801,20,2.53,0.0002532293,1.53,3.96
686 ,Other local infections of skin...,Diseases of the skin and subcutaneous...,1618,40,2.53,0.00000044035497,1.79,3.48
455 ,Hemorrhoids,Diseases of the circulatory system,1451,36,2.53,0.0000016648315,1.76,3.54
728 ,"Disorders of muscle, ligament,...",Diseases of the musculoskeletal...,1793,44,2.52,0.00000013289045,1.81,3.41
428 ,Heart failure,Diseases of the circulatory system,3539,85,2.51,0.0000000000006360862,1.98,3.13
401.9 ,Unspecified essential hypertension,Diseases of the circulatory system,53835,843,2.49,4.11811e-61,2.23,2.79
564 ,"Functional digestive disorders,...",Diseases of the digestive system,7971,182,2.49,2.099595e-24,2.12,2.92
583 ,"Nephritis and nephropathy, not...",Diseases of the genitourinary...,902,22,2.47,0.000279528,1.54,3.79
728.85 ,Spasm of muscle,Diseases of the musculoskeletal...,867,21,2.46,0.0004155391,1.51,3.79
780 ,General symptoms,"Comorbidities, signs, and ill-defined...",907,22,2.46,0.0002884402,1.53,3.76
459.9 ,Unspecified circulatory system...,Diseases of the circulatory system,954,23,2.45,0.0002111526,1.54,3.71
786.5 ,Chest pain,"Comorbidities, signs, and ill-defined...",3617,85,2.45,0.000000000002291138,1.94,3.06
216 ,Benign neoplasm of skin,Neoplasms,707,17,2.43,0.0010661399,1.4,3.94
491 ,Chronic bronchitis,Diseases of the respiratory system,7946,177,2.42,1.480202e-22,2.05,2.84
607.84 ,Impotence of organic origin,Diseases of the genitourinary...,886,21,2.4,0.000477654,1.47,3.71
692.0 ,Contact dermatitis and other eczema...,Diseases of the skin and subcutaneous...,3237,75,2.4,0.00000000008983701,1.87,3.04
250.9 ,Diabetes with unspecified complication,"Endocrine, nutritional and metabolic...",1357,32,2.4,0.000014379,1.63,3.42
727 ,"Other disorders of synovium tendon,...",Diseases of the musculoskeletal...,631,15,2.4,0.0022680012,1.33,4.01
038 ,Septicemia,Infectious and parasitic diseases,1536,36,2.39,0.0000071775656,1.66,3.34
599.6 ,"Urinary obstruction, unspecified",Diseases of the genitourinary...,551,13,2.38,0.0045721631,1.26,4.12
571.4 ,Chronic hepatitis,Diseases of the digestive system,3723,85,2.38,0.000000000009454013,1.88,2.97
362.10 ,"Background retinopathy, unspecified",Diseases of the nervous system,683,16,2.37,0.0028687561,1.34,3.89
427.0 ,Paroxysmal supraventricular tachycardia,Diseases of the circulatory system,1086,25,2.33,0.0001773629,1.5,3.48
353.4 ,"Lumbosacral root lesions, not...",Diseases of the nervous system,1221,28,2.33,0.000076199,1.53,3.4
110.4 ,Dermatophytosis of foot,Infectious and parasitic diseases,10421,219,2.32,7.266253e-25,1.99,2.69
729.82 ,Cramp of limb,Diseases of the musculoskeletal...,739,17,2.32,0.00223977,1.34,3.76
555.9 ,Regional enteritis of unspecified...,Diseases of the digestive system,1361,31,2.31,0.0000486498,1.56,3.32
786.51 ,Precordial pain,"Comorbidities, signs, and ill-defined...",701,16,2.31,0.003264398,1.31,3.78
558 ,Other and unspecified noninfectious...,Diseases of the digestive system,1190,27,2.3,0.0001856443,1.5,3.38
386.11 ,Benign paroxysmal positional vertigo,Diseases of the nervous system,1965,44,2.29,0.0000018082071,1.65,3.1
078.1 ,Viral warts,Infectious and parasitic diseases,3644,80,2.28,0.0000000002237624,1.79,2.86
714.9 ,Unspecified inflammatory polyarthropathy,Diseases of the musculoskeletal...,577,13,2.27,0.0094529182,1.2,3.93
472.1 ,Chronic pharyngitis,Diseases of the respiratory system,3183,70,2.27,0.0000000027531116,1.75,2.9
367.9 ,Unspecified disorder of refraction...,Diseases of the nervous system,1708,38,2.27,0.0000127274,1.59,3.14
578 ,Gastrointestinal hemorrhage,Diseases of the digestive system,621,14,2.27,0.0067412431,1.23,3.86
716.59 ,Unspecified polyarthropathy or...,Diseases of the musculoskeletal...,628,14,2.25,0.0071097514,1.22,3.81
276.9 ,Electrolyte and fluid disorders...,"Endocrine, nutritional and metabolic...",1352,30,2.25,0.0000882058,1.51,3.25
879.8 ,Open wound(s) (multiple) of unspecified...,Injury and poisoning,2515,55,2.24,0.00000016825144,1.67,2.95
414.9 ,"Chronic ischemic heart disease,...",Diseases of the circulatory system,22921,424,2.24,6.485766e-38,1.99,2.51
250.40 ,"Diabetes with renal manifestations,...","Endocrine, nutritional and metabolic...",2016,44,2.23,0.000002911701,1.61,3.02
466 ,Acute bvronchitis and bronchiolitis,Diseases of the respiratory system,5325,113,2.23,0.0000000000003600245,1.82,2.71
720.0 ,Ankylosing spondylitis,Diseases of the musculoskeletal...,633,14,2.23,0.0074018709,1.21,3.78
411.81 ,Acute coronary occlusion without...,Diseases of the circulatory system,820,18,2.22,0.002332215,1.3,3.54
272 ,Disorders of lipoid metabolism,"Endocrine, nutritional and metabolic...",1141,25,2.22,0.000449022,1.42,3.31
290.21 ,Senile dementia with depressive...,Mental disorders,863,19,2.22,0.001703837,1.33,3.51
493.11 ,Intrinsic asthma with status asthmaticus,Diseases of the respiratory system,636,14,2.22,0.0075889651,1.2,3.76
532.9 ,"Duodenal ulcer, unspecified as...",Diseases of the digestive system,865,19,2.22,0.0017414679,1.32,3.5
535.40 ,"Other specified gastritis, without...",Diseases of the digestive system,3446,74,2.22,0.0000000037341192,1.73,2.81
582 ,Chronic glomerulonephritis,Diseases of the genitourinary...,773,17,2.22,0.0030728144,1.28,3.59
715.15 ,"Osteoarthrosis, localized, primary,...",Diseases of the musculoskeletal...,867,19,2.21,0.0017800633,1.32,3.49
588.8 ,Secondary hyperparathyroidism...,Diseases of the genitourinary...,550,12,2.2,0.0149282982,1.13,3.88
571 ,Chronic liver disease and cirrhosis,Diseases of the digestive system,970,21,2.19,0.0016755048,1.34,3.38
595 ,Cystitis,Diseases of the genitourinary...,1915,41,2.18,0.0000136915,1.55,2.99
560.9 ,Unspecified intestinal obstruction,Diseases of the digestive system,2591,55,2.17,0.00000044457047,1.62,2.86
723.4 ,"Brachial neuritis or radiculitis,...",Diseases of the musculoskeletal...,606,13,2.16,0.0118247721,1.14,3.74
588.9 ,Unspecified disorder resulting...,Diseases of the genitourinary...,1934,41,2.16,0.000015244,1.54,2.96
427.3 ,Atrial fibrillation and flutter,Diseases of the circulatory system,797,17,2.15,0.0039475346,1.24,3.48
009.3 ,Diarrhea of presumed infectious...,Infectious and parasitic diseases,939,20,2.15,0.0024898714,1.3,3.35
719.45 ,"Pain in joint, pelvic region and...",Diseases of the musculoskeletal...,610,13,2.15,0.0122439244,1.13,3.71
307.42 ,Persistent disorder of initiating...,Mental disorders,1417,30,2.15,0.0002276452,1.44,3.09
530.2 ,Ulcer of esophagus,Diseases of the digestive system,1461,31,2.15,0.0001668289,1.45,3.08
573.3 ,"Hepatitis, unspecified",Diseases of the digestive system,1460,31,2.15,0.0001657503,1.45,3.08
370.49 ,Other keratoconjunctivitis,Diseases of the nervous system,611,13,2.14,0.012352355,1.13,3.7
680 ,Carbuncle and furuncle,Diseases of the skin and subcutaneous...,568,12,2.13,0.0172009223,1.09,3.76
332 ,Parkinson's disease,Diseases of the nervous system,1912,40,2.13,0.0000240617,1.51,2.92
433.1 ,Carotid artery occlusion and stenosis,Diseases of the circulatory system,523,11,2.12,0.0236834952,1.05,3.83
780.59 ,Other sleep disturbances,"Comorbidities, signs, and ill-defined...",1097,23,2.12,0.001186777,1.33,3.21
490 ,"Bronchitis, not specified as acute...",Diseases of the respiratory system,12081,232,2.11,2.509872e-21,1.82,2.44
532.30 ,Acute duodenal ulcer without mention...,Diseases of the digestive system,765,16,2.11,0.0060533063,1.19,3.46
372.11 ,Simple chronic conjunctivitis,Diseases of the nervous system,5398,109,2.11,0.00000000002004563,1.72,2.57
491.8 ,Other chronic bronchitis,Diseases of the respiratory system,2575,53,2.1,0.0000019547558,1.56,2.78
533.00 ,Acute peptic ulcer of unspecified...,Diseases of the digestive system,1935,40,2.1,0.0000289506,1.49,2.89
379.24 ,Other vitreous opacities,Diseases of the nervous system,1007,21,2.1,0.0021452899,1.29,3.25
721.1 ,Cervical spondylosis with myelopathy,Diseases of the musculoskeletal...,1361,28,2.08,0.0005205491,1.37,3.04
727.03 ,Trigger finger (acquired),Diseases of the musculoskeletal...,532,11,2.08,0.0254412174,1.03,3.76
438 ,Late effects of cerebrovascular...,Diseases of the circulatory system,13741,256,2.06,9.146072e-22,1.79,2.37
491.0 ,Simple chronic bronchitis,Diseases of the respiratory system,4526,90,2.06,0.0000000022224437,1.64,2.56
780.3 ,Convulsions,"Comorbidities, signs, and ill-defined...",977,20,2.06,0.003255318,1.25,3.22
437.0 ,Cerebral atherosclerosis,Diseases of the circulatory system,4239,84,2.05,0.00000001178136,1.62,2.56
110.3 ,Dermatophytosis of groin and perianal...,Infectious and parasitic diseases,4200,83,2.04,0.000000016210455,1.61,2.55
300.02 ,Generalized anxiety disorder,Mental disorders,1341,27,2.03,0.0008419407,1.33,2.99
374.30 ,"Ptosis of eyelid, unspecified",Diseases of the nervous system,545,11,2.03,0.0283684111,1,3.67
691.8 ,Other atopic dermatitis and related...,Diseases of the skin and subcutaneous...,4982,97,2.02,0.0000000019445242,1.62,2.49
531.30 ,Acute gastric ulcer without mention...,Diseases of the digestive system,1551,31,2.02,0.000451696,1.36,2.9
599 ,Other disorders of urethra and...,Diseases of the genitourinary...,1509,30,2.01,0.000616274,1.35,2.9
386.2 ,Vertigo of central origin,Diseases of the nervous system,2798,55,2.01,0.0000051695641,1.5,2.64
402.00 ,Malignant hypertensive heart disease...,Diseases of the circulatory system,1662,33,2.01,0.0002948295,1.37,2.85
110.5 ,Dermatophytosis of the body,Infectious and parasitic diseases,3785,74,2.01,0.00000013762816,1.56,2.55
478.5 ,Other diseases of vocal cords,Diseases of the respiratory system,1512,30,2.01,0.0006272552,1.34,2.89
362.50 ,"Macular degeneration (senile),...",Diseases of the nervous system,3478,68,2.01,0.00000043544433,1.54,2.57
597.89 ,Other urethritis,Diseases of the genitourinary...,654,13,2,0.0271228784,1.05,3.45
600 ,Hyperplasia of prostate,Diseases of the genitourinary...,49403,726,2,2.058922e-36,1.79,2.23
702.8 ,Other specified dermatoses,Diseases of the skin and subcutaneous...,904,18,2,0.0067229611,1.18,3.2
250.50 ,"Diabetes with ophthalmic manifestations,...","Endocrine, nutritional and metabolic...",703,14,2,0.0200074442,1.09,3.39
722.2 ,Displacement of intervertebral...,Diseases of the musculoskeletal...,1259,25,2,0.0015899515,1.29,2.99
366.16 ,Senile nuclear sclerosis,Diseases of the nervous system,5288,102,2,0.000000000971495,1.62,2.46
413.0 ,Angina decubitus,Diseases of the circulatory system,655,13,1.99,0.0272273483,1.05,3.45
733.01 ,Senile osteoporosis,Diseases of the musculoskeletal...,2351,46,1.99,0.0000378454,1.45,2.68
716.66 ,"Unspecified monoarthritis, lower...",Diseases of the musculoskeletal...,711,14,1.98,0.0208124891,1.07,3.35
780.5 ,Sleep disturbance,"Comorbidities, signs, and ill-defined...",5979,113,1.97,0.0000000003225682,1.61,2.39
784.1 ,Throat pain,"Comorbidities, signs, and ill-defined...",1278,25,1.97,0.0026708559,1.27,2.94
597 ,"Urethritis, not sexually transmitted,...",Diseases of the genitourinary...,562,11,1.96,0.0329089097,0.97,3.55
715.3 ,"Osteoarthrosis, localized, not...",Diseases of the musculoskeletal...,1131,22,1.96,0.0039763232,1.22,3
362.01 ,Background diabetic retinopathy,Diseases of the nervous system,975,19,1.96,0.0086959004,1.17,3.09
596.5 ,Other functional disorders of...,Diseases of the genitourinary...,2611,50,1.95,0.0000260574,1.43,2.59
528.2 ,Oral aphthae,Diseases of the digestive system,1669,32,1.94,0.0007418143,1.32,2.76
414.0 ,Coronary atherosclerosis,Diseases of the circulatory system,14926,262,1.93,7.516766e-19,1.68,2.22
272.9 ,Unspecified disorder of lipoid...,"Endocrine, nutritional and metabolic...",572,11,1.93,0.0533876568,0.96,3.49
280.0 ,Iron deficiency anemia secondary...,Diseases of the blood and blood-forming...,625,12,1.93,0.0399027292,0.99,3.4
429.2 ,"Cardiovascular disease, unspecified",Diseases of the circulatory system,1099,21,1.92,0.0057863887,1.18,2.97
434.9 ,"Cerebral artery occlusion, unspecified",Diseases of the circulatory system,11955,213,1.92,6.040546e-16,1.65,2.23
437.1 ,Other generalized ischemic cerebrovascular...,Diseases of the circulatory system,575,11,1.92,0.0539269715,0.95,3.47
437.9 ,Unspecified cerebrovascular disease,Diseases of the circulatory system,7611,139,1.92,0.00000000002501921,1.6,2.29
719.41 ,"Pain in joint, shoulder region",Diseases of the musculoskeletal...,944,18,1.92,0.0124993834,1.13,3.06
564.0 ,Constipation,Diseases of the digestive system,47933,696,1.92,2.732534e-32,1.72,2.14
357.4 ,Polyneuropathy in other diseases...,Diseases of the nervous system,896,17,1.91,0.0167061614,1.1,3.08
250.80 ,Diabetes with other specified...,"Endocrine, nutritional and metabolic...",635,12,1.9,0.041780148,0.97,3.35
365.20 ,"Primary angle-closure glaucoma,...",Diseases of the nervous system,582,11,1.9,0.0553296458,0.94,3.43
250.70 ,Diabetes with peripheral circulatory...,"Endocrine, nutritional and metabolic...",1228,23,1.89,0.0056671248,1.19,2.86
272.0 ,Pure hypercholesterolemia,"Endocrine, nutritional and metabolic...",2255,42,1.89,0.000254125,1.35,2.57
493 ,Asthma,Diseases of the respiratory system,4574,84,1.89,0.0000002389748,1.49,2.36
493.91 ,"Asthma, unspecified type, with...",Diseases of the respiratory system,1656,31,1.89,0.0011882598,1.27,2.71
357.2 ,Polyneuropathy in diabetes,Diseases of the nervous system,795,15,1.89,0.0197236145,1.05,3.16
790.6 ,Other abnormal blood chemistry,"Comorbidities, signs, and ill-defined...",1986,37,1.89,0.0005862787,1.32,2.62
724.4 ,Thoracic or lumbosacral neuritis...,Diseases of the musculoskeletal...,1287,24,1.88,0.0045853264,1.19,2.82
133.0 ,Scabies,Infectious and parasitic diseases,3554,65,1.87,0.0000077832573,1.43,2.4
444.22 ,Arterial embolism and thrombosis...,Diseases of the circulatory system,860,16,1.87,0.0233924737,1.06,3.06
250.60 ,"Diabetes with neurological manifestations,...","Endocrine, nutritional and metabolic...",2723,50,1.87,0.0000888002,1.37,2.48
493.9 ,"Asthma, unspecified",Diseases of the respiratory system,2878,53,1.87,0.0000419831,1.39,2.47
333.1 ,Essential and other specified...,Diseases of the nervous system,1022,19,1.87,0.011164817,1.12,2.95
427.9 ,"Cardiac dysrhythmia, unspecified",Diseases of the circulatory system,14227,243,1.86,3.884747e-16,1.61,2.14
715.36 ,"Osteoarthrosis, localized, not...",Diseases of the musculoskeletal...,7462,133,1.86,0.0000000003932977,1.54,2.23
787.2 ,Dysphagia,"Comorbidities, signs, and ill-defined...",916,17,1.86,0.0182226882,1.08,3.01
571.49 ,Other chronic hepatitis,Diseases of the digestive system,864,16,1.86,0.0237661564,1.05,3.05
686.0 ,Pyoderma,Diseases of the skin and subcutaneous...,1694,31,1.85,0.0019602046,1.25,2.64
873 ,Other open wound of head,Injury and poisoning,930,17,1.84,0.0195899107,1.06,2.97
410.90 ,Acute myocardial infarction of...,Diseases of the circulatory system,1038,19,1.84,0.0175419086,1.1,2.9
436 ,"Acute, but ill-defined, cerebrovascular...",Diseases of the circulatory system,8560,150,1.84,0.00000000008857345,1.54,2.19
465.8 ,Acute upper respiratory infections...,Diseases of the respiratory system,10099,175,1.84,0.000000000003849957,1.56,2.16
290.10 ,"Presenile dementia, uncomplicated",Mental disorders,598,11,1.84,0.0592896511,0.91,3.33
493.2 ,Chronic obstructive asthma with...,Diseases of the respiratory system,1865,34,1.84,0.0014250171,1.27,2.6
528.0 ,Stomatitis,Diseases of the digestive system,2478,45,1.84,0.0002240175,1.33,2.49
274.0 ,"Gouty arthropathy, unspecified","Endocrine, nutritional and metabolic...",13201,224,1.83,0.0000000000000163356,1.58,2.12
300.09 ,Other anxiety states,Mental disorders,987,18,1.83,0.0157958457,1.08,2.92
535.0 ,Acute gastritis,Diseases of the digestive system,3917,70,1.83,0.0000067102373,1.41,2.33
300 ,Neurotic disorders,Mental disorders,3592,64,1.82,0.0000194423,1.39,2.34
724.9 ,Other unspecified back disorders,Diseases of the musculoskeletal...,1664,30,1.82,0.002760805,1.22,2.62
380.4 ,Impacted cerumen,Diseases of the nervous system,7349,128,1.81,0.0000000031161222,1.5,2.18
722.0 ,Displacement of cervical intervertebral...,Diseases of the musculoskeletal...,665,12,1.81,0.0493086221,0.93,3.19
493.21 ,Chronic obstructive asthma with...,Diseases of the respiratory system,2410,43,1.81,0.0004226429,1.3,2.45
300.4 ,Dysthymic disorder,Mental disorders,4003,71,1.81,0.0000082862636,1.4,2.31
353.9 ,Unspecified nerve root and plexus...,Diseases of the nervous system,1003,18,1.8,0.0241414523,1.06,2.87
372.12 ,Chronic follicular conjunctivitis,Diseases of the nervous system,557,10,1.8,0.0823995703,0.86,3.34
427.2 ,"Paroxysmal tachycardia, unspecified",Diseases of the circulatory system,558,10,1.79,0.0827619797,0.85,3.34
276.7 ,Hyperpotassemia,"Endocrine, nutritional and metabolic...",560,10,1.79,0.0835022085,0.85,3.32
493.10 ,"Intrinsic asthma, unspecified",Diseases of the respiratory system,1007,18,1.79,0.0244268872,1.06,2.86
550 ,Inguinsl hernia,Diseases of the digestive system,728,13,1.79,0.0582584221,0.95,3.09
402.90 ,Unspecified hypertensive heart...,Diseases of the circulatory system,23865,375,1.78,1.679774e-19,1.58,2.01
464 ,Acute laryngitis and tracheitis,Diseases of the respiratory system,3396,59,1.77,0.0000799533,1.33,2.3
607.1 ,Balanoposthitis,Diseases of the genitourinary...,738,13,1.76,0.0600298678,0.93,3.05
692 ,Contact dermatitis and other eczema,Diseases of the skin and subcutaneous...,5021,86,1.76,0.0000034319403,1.39,2.19
375.15 ,"Tear film insufficiency, unspecified",Diseases of the nervous system,3818,66,1.76,0.0000348223,1.35,2.26
054.9 ,Herpes simplex without mention...,Infectious and parasitic diseases,802,14,1.75,0.0482177387,0.95,2.96
416.9 ,"Chronic pulmonary heart disease,...",Diseases of the circulatory system,924,16,1.74,0.0441957034,0.99,2.85
465 ,Acute upper respiratory infections...,Diseases of the respiratory system,9698,161,1.74,0.0000000007356884,1.47,2.06
782.4 ,"Jaundice, unspecified, not of...","Comorbidities, signs, and ill-defined...",574,10,1.74,0.0892535482,0.83,3.24
574 ,Cholelithiasis,Diseases of the digestive system,808,14,1.74,0.0495522917,0.94,2.94
380.15 ,Chronic mycotic otitis externa,Diseases of the nervous system,2514,43,1.73,0.0011427547,1.24,2.35
455.2 ,Internal hemorrhoids with other...,Diseases of the circulatory system,986,17,1.73,0.035215837,1,2.79
272.4 ,Other and unspecified hyperlipidemia,"Endocrine, nutritional and metabolic...",8295,138,1.73,0.000000015612769,1.44,2.07
724.02 ,"Spinal stenosis, lumbar region,...",Diseases of the musculoskeletal...,3948,67,1.73,0.0000487005,1.33,2.22
576.1 ,Cholangitis,Diseases of the digestive system,753,13,1.73,0.0633257113,0.91,2.99
386.9 ,Unspecified vertiginous syndromes...,Diseases of the nervous system,5380,90,1.72,0.0000051562847,1.37,2.13
933.0 ,Foreign body in pharynx,Injury and poisoning,524,9,1.72,0.1182195158,0.78,3.3
429.3 ,Cardiomegaly,Diseases of the circulatory system,1227,21,1.72,0.020458311,1.06,2.65
300.00 ,"Anxiety state, unspecified",Mental disorders,9630,158,1.72,0.000000002473142,1.45,2.03
533.70 ,Chronic peptic ulcer of unspecified...,Diseases of the digestive system,3134,53,1.71,0.0003782254,1.27,2.26
698.3 ,Lichenification and lichen simplex...,Diseases of the skin and subcutaneous...,4245,71,1.7,0.0000456669,1.32,2.17
331.2 ,Senile degeneration of brain,Diseases of the nervous system,767,13,1.7,0.0670874932,0.9,2.93
586 ,"Renal failure, unspecified",Diseases of the genitourinary...,2376,40,1.7,0.0024457053,1.2,2.33
386.00 ,"Minihre's disease, unspecified",Diseases of the nervous system,5581,92,1.69,0.0000075832784,1.35,2.09
434.1 ,Cerebral embolism,Diseases of the circulatory system,2573,43,1.69,0.0018492042,1.21,2.29
443.9 ,"Peripheral vascular disease, unspecified",Diseases of the circulatory system,2870,48,1.69,0.0008764131,1.24,2.26
455.0 ,Internal hemorrhoids without mention...,Diseases of the circulatory system,950,16,1.69,0.0480591496,0.96,2.77
482.9 ,"Bacterial pneumonia, unspecified",Diseases of the respiratory system,1735,29,1.68,0.010360032,1.12,2.43
491.21 ,Obstructive chronic bronchitis...,Diseases of the respiratory system,6233,102,1.68,0.0000026041997,1.36,2.06
723.0 ,Spinal stenosis in cervical region,Diseases of the musculoskeletal...,534,9,1.68,0.1236039034,0.76,3.23
290.40 ,"Vascular dementia, uncomplicated",Mental disorders,1012,17,1.68,0.0392710678,0.97,2.72
729.9 ,Other and unspecified disorders...,Diseases of the musculoskeletal...,596,10,1.68,0.1002605067,0.8,3.12
840.9 ,Sprains and strains of unspecified...,Injury and poisoning,954,16,1.68,0.0487916443,0.95,2.75
585 ,Chronic renal failure,Diseases of the genitourinary...,8733,141,1.68,0.000000065102437,1.4,2
411.0 ,Postmyocardial infarction syndrome,Diseases of the circulatory system,538,9,1.67,0.1259284906,0.76,3.21
477.9 ,"Allergic rhinitis, cause unspecified",Diseases of the respiratory system,13771,216,1.67,0.00000000009586456,1.43,1.93
721.3 ,Lumbosacral spondylosis without...,Diseases of the musculoskeletal...,13987,219,1.67,0.00000000007250621,1.43,1.93
487.0 ,Influenza with pneumonia,Diseases of the respiratory system,662,11,1.66,0.1126956581,0.82,3
820 ,Fracture of neck of femur,Injury and poisoning,784,13,1.66,0.0725365951,0.88,2.86
682.7 ,"Cellulitis and abscess of foot,...",Diseases of the skin and subcutaneous...,1214,20,1.65,0.0411190934,1,2.57
211.3 ,Benign neoplasm of colon,Neoplasms,1151,19,1.65,0.036825675,0.99,2.61
463 ,Acute tonsillitis,Diseases of the respiratory system,13263,206,1.65,0.0000000006993326,1.41,1.91
466.1 ,Acute bronchiolitis,Diseases of the respiratory system,6216,100,1.65,0.0000066039453,1.33,2.03
799.3 ,"Debility, unspecified","Comorbidities, signs, and ill-defined...",912,15,1.65,0.0648168952,0.91,2.74
382.3 ,Unspecified chronic suppurative...,Diseases of the nervous system,731,12,1.64,0.0924430655,0.84,2.9
601.1 ,Chronic prostatitis,Diseases of the genitourinary...,1653,27,1.64,0.0175869889,1.07,2.41
431 ,Intracerebral hemorrhage,Diseases of the circulatory system,2515,41,1.64,0.0032973618,1.17,2.25
110.1 ,Dermatophytosis of nail,Infectious and parasitic diseases,6497,104,1.64,0.000005556067,1.33,2.01
153 ,Malignant colon neoplasm,Neoplasms,608,10,1.64,0.1471298254,0.78,3.05
729.4 ,"Fasciitis, unspecified",Diseases of the musculoskeletal...,7423,118,1.64,0.0000015736893,1.34,1.98
564.8 ,Other specified function disorder...,Diseases of the digestive system,4852,78,1.64,0.000072852,1.28,2.06
593.9 ,Unspecified disorder of kidney...,Diseases of the genitourinary...,980,16,1.63,0.0740263628,0.93,2.68
891 ,"Open wound of knee, leg (except...",Injury and poisoning,922,15,1.63,0.0672831331,0.9,2.71
389 ,Hearing loss,Diseases of the nervous system,673,11,1.63,0.1167281946,0.81,2.95
110.9 ,Dermatophytosis of unspecified...,Infectious and parasitic diseases,3105,50,1.63,0.001426812,1.2,2.16
715.26 ,"Osteoarthrosis, localized, secondary,...",Diseases of the musculoskeletal...,1104,18,1.63,0.047555679,0.96,2.6
472.0 ,Chronic rhinitis,Diseases of the respiratory system,3607,58,1.63,0.0006808329,1.23,2.12
492.0 ,Emphysematous bleb,Diseases of the respiratory system,734,12,1.63,0.0936215897,0.84,2.88
530.9 ,Unspecified disorder of esophagus,Diseases of the digestive system,734,12,1.63,0.0936215897,0.84,2.88
550.9 ,"Inguinal hernia, without mention...",Diseases of the digestive system,800,13,1.63,0.1051616875,0.86,2.81
462 ,Acute pharyngitis,Diseases of the respiratory system,15589,237,1.62,0.0000000001734532,1.4,1.87
786.0 ,Dyspnea and respiratory abnormalities,"Comorbidities, signs, and ill-defined...",1547,25,1.62,0.0281629787,1.04,2.41
437 ,Other and ill-defined cerebrovascular...,Diseases of the circulatory system,2000,32,1.61,0.0125170565,1.09,2.29
250.00 ,Diabetes mellitus without mention...,"Endocrine, nutritional and metabolic...",17490,262,1.61,0.00000000005417158,1.4,1.84
715.96 ,"Osteoarthrosis, unspecified whether...",Diseases of the musculoskeletal...,3971,63,1.61,0.0006606023,1.23,2.08
716.96 ,"Arthropathy, unspecified, lower...",Diseases of the musculoskeletal...,1180,19,1.61,0.0544887884,0.96,2.54
447.6 ,"Arteritis, unspecified",Diseases of the circulatory system,1002,16,1.6,0.0775562007,0.91,2.62
466.0 ,Acute bronchitis,Diseases of the respiratory system,46543,621,1.6,1.744575e-17,1.44,1.79
721.0 ,Cervical spondylosis without myelopathy,Diseases of the musculoskeletal...,3800,60,1.6,0.0009232383,1.21,2.08
724.3 ,Sciatica,Diseases of the musculoskeletal...,9345,144,1.6,0.00000070226395,1.33,1.9
729.0 ,"Rheumatism, unspecified and fibrositis",Diseases of the musculoskeletal...,1444,23,1.6,0.0331453278,1.01,2.42
350.1 ,Trigeminal neuralgia,Diseases of the nervous system,688,11,1.6,0.1231999549,0.79,2.89
786.1 ,Stridor,"Comorbidities, signs, and ill-defined...",874,14,1.6,0.0869999478,0.87,2.71
564.5 ,Functional diarrhea,Diseases of the digestive system,3030,48,1.6,0.0030633282,1.17,2.14
379.39 ,Other disorders of lens,Diseases of the nervous system,942,15,1.59,0.0976660045,0.89,2.65
721.42 ,"Spondylosis with myelopathy, lumbar...",Diseases of the musculoskeletal...,2924,46,1.59,0.0036008132,1.15,2.13
290 ,Senile and presenile organic psychotic...,Mental disorders,2342,37,1.59,0.0087305219,1.11,2.21
290.3 ,Senile dementia with delirium,Mental disorders,691,11,1.59,0.1246259755,0.79,2.87
574.00 ,Calculus of gallbladder with acute...,Diseases of the digestive system,566,9,1.59,0.197807917,0.72,3.05
578.0 ,Hematemesis,Diseases of the digestive system,629,10,1.59,0.1555503281,0.76,2.95
681.00 ,"Cellulitis and abscess of finger,...",Diseases of the skin and subcutaneous...,570,9,1.58,0.1994715249,0.72,3.02
726.0 ,Adhesive capsulitis of shoulder,Diseases of the musculoskeletal...,3328,52,1.58,0.0026647984,1.17,2.09
530.1 ,Esophagitis,Diseases of the digestive system,5037,78,1.58,0.000237309,1.23,1.98
535.5 ,Unspecified gastritis & gastroduodenitis,Diseases of the digestive system,2553,40,1.58,0.0068146598,1.12,2.17
787.9 ,Other symptoms involving digestive...,"Comorbidities, signs, and ill-defined...",1463,23,1.58,0.0465510187,0.99,2.38
372.54 ,Conjunctival concretions,Diseases of the nervous system,1846,29,1.58,0.0247326052,1.05,2.28
411.1 ,Intermediate coronary syndrome,Diseases of the circulatory system,889,14,1.57,0.0918632956,0.85,2.67
523.0 ,Acute gingivitis,Diseases of the digestive system,1017,16,1.57,0.0807696456,0.89,2.58
356.9 ,Unspecified hereditary and idiopathic...,Diseases of the nervous system,2698,42,1.57,0.0063027039,1.12,2.14
435.0 ,Basilar artery syndrome,Diseases of the circulatory system,1217,19,1.56,0.059973851,0.93,2.46
274.9 ,"Gout, unspecified","Endocrine, nutritional and metabolic...",13626,202,1.56,0.000000039209032,1.33,1.81
346.9 ,"Migraine, unspecified",Diseases of the nervous system,1540,24,1.56,0.0388912138,0.99,2.34
783.0 ,Anorexia,"Comorbidities, signs, and ill-defined...",1546,24,1.56,0.0394966408,0.99,2.33
784.0 ,Headache,"Comorbidities, signs, and ill-defined...",22699,325,1.56,0.00000000002758269,1.37,1.77
788.4 ,Frequency of urination and polyuria,"Comorbidities, signs, and ill-defined...",4689,72,1.56,0.0005875322,1.21,1.98
682.6 ,"Cellulitis and abscess of leg,...",Diseases of the skin and subcutaneous...,2268,35,1.55,0.0144522931,1.07,2.17
428.9 ,"Heart failure, unspecified",Diseases of the circulatory system,7276,110,1.55,0.0000379714,1.26,1.89
693.0 ,Dermatitis due to drugs and medicines...,Diseases of the skin and subcutaneous...,1165,18,1.55,0.0753226049,0.91,2.46
706.3 ,Seborrhea,Diseases of the skin and subcutaneous...,1752,27,1.55,0.0300894134,1.01,2.27
111.9 ,"Dermatomycosis, unspecified",Infectious and parasitic diseases,839,13,1.55,0.1172930576,0.82,2.67
719.46 ,"Pain in joint, lower leg",Diseases of the musculoskeletal...,2724,42,1.55,0.0085253343,1.11,2.12
533.90 ,"Peptic ulcer of unspecified site,...",Diseases of the digestive system,19588,282,1.55,0.0000000005252559,1.35,1.77
805.2 ,Closed fracture of dorsal [thoracic]...,Injury and poisoning,516,8,1.55,0.2612053575,0.66,3.08
820.8 ,Closed fracture of unspecified...,Injury and poisoning,1684,26,1.55,0.0357866071,1,2.29
009 ,Ill-defined intestinal infections,Infectious and parasitic diseases,650,10,1.54,0.1665927353,0.73,2.85
785.1 ,Palpitations,"Comorbidities, signs, and ill-defined...",5743,87,1.54,0.0002515964,1.22,1.92
690 ,Erythematosquamous dermatosis,Diseases of the skin and subcutaneous...,5037,76,1.53,0.0006935266,1.2,1.94
428.0 ,"Congestive heart failure, unspecified",Diseases of the circulatory system,12995,190,1.53,0.00000026914846,1.3,1.79
698.4 ,Dermatitis factitia [artefacta],Diseases of the skin and subcutaneous...,978,15,1.53,0.1060502633,0.85,2.55
721.90 ,"Spondylosis of unspecified site,...",Diseases of the musculoskeletal...,5389,81,1.53,0.0004816886,1.2,1.92
729.2 ,"Neuralgia, neuritis, and radiculitis,...",Diseases of the musculoskeletal...,10896,161,1.53,0.000001454984,1.29,1.81
533.30 ,Acute peptic ulcer of unspecified...,Diseases of the digestive system,1838,28,1.53,0.0335507889,1.01,2.23
365.9 ,Unspecified glaucoma,Diseases of the nervous system,3294,50,1.53,0.0059422543,1.13,2.04
786.2 ,Cough,"Comorbidities, signs, and ill-defined...",14071,205,1.53,0.00000010223877,1.31,1.78
372.14 ,Other chronic allergic conjunctivitis,Diseases of the nervous system,5053,76,1.53,0.0007138269,1.19,1.93
582.9 ,Chronic glomerulonephritis with...,Diseases of the genitourinary...,3969,60,1.53,0.0027202865,1.16,1.98
374.01 ,Senile entropion,Diseases of the nervous system,522,8,1.53,0.2637556254,0.66,3.04
847.0 ,Sprain of neck,Injury and poisoning,1501,23,1.53,0.0501092096,0.97,2.32
850 ,Concussion,Injury and poisoning,782,12,1.53,0.1471568981,0.79,2.7
251.2 ,"Hypoglycemia, unspecified","Endocrine, nutritional and metabolic...",722,11,1.52,0.1851254045,0.75,2.75
386.19 ,Other peripheral vertigo,Diseases of the nervous system,791,12,1.51,0.1509032921,0.78,2.67
298.9 ,Unspecified psychosis,Mental disorders,729,11,1.51,0.1878159555,0.75,2.72
528.9 ,Other and unspecified diseases...,Diseases of the digestive system,3614,54,1.51,0.0051806638,1.12,1.98
604.90 ,"Orchitis and epididymitis, unspecified",Diseases of the genitourinary...,600,9,1.5,0.2155529001,0.68,2.87
564.1 ,Irritable bowel syndrome,Diseases of the digestive system,11537,167,1.5,0.0000033984857,1.27,1.77
583.9 ,"Nephritis and nephropathy, not...",Diseases of the genitourinary...,2139,32,1.5,0.0287208915,1.02,2.14
465.0 ,Acute laryngopharyngitis,Diseases of the respiratory system,13118,188,1.49,0.0000012663041,1.27,1.75
738.4 ,Acquired spondylolisthesis,Diseases of the musculoskeletal...,1075,16,1.49,0.1228188177,0.84,2.43
386.10 ,"Peripheral vertigo, unspecified",Diseases of the nervous system,2645,39,1.48,0.0230877245,1.05,2.04
435.9 ,Unspecified transient cerebral...,Diseases of the circulatory system,2643,39,1.48,0.0230315289,1.05,2.04
285 ,Other and unspecified anemias,Diseases of the blood and blood-forming...,606,9,1.48,0.2194901059,0.67,2.84
494 ,Bronchiectasis,Diseases of the respiratory system,4089,60,1.48,0.005218532,1.12,1.92
780.2 ,Syncope and collapse,"Comorbidities, signs, and ill-defined...",4244,62,1.48,0.0047880567,1.12,1.91
709.9 ,Unspecified disorder of skin and...,Diseases of the skin and subcutaneous...,4467,65,1.47,0.0037493155,1.13,1.89
272.1 ,Pure hyperglyceridemia,"Endocrine, nutritional and metabolic...",883,13,1.47,0.1728317607,0.78,2.53
365.23 ,Chronic angle-closure glaucoma,Diseases of the nervous system,1363,20,1.47,0.0999296374,0.89,2.28
799.9 ,Other unknown and unspecified...,"Comorbidities, signs, and ill-defined...",1154,17,1.47,0.1354703112,0.85,2.38
427.31 ,Atrial fibrillation,Diseases of the circulatory system,4553,66,1.46,0.0040342835,1.12,1.88
496 ,"Chronic airway obstruction, not...",Diseases of the respiratory system,32545,429,1.45,0.000000000556563,1.29,1.63
727.0 ,Synovitis and tenosynovitis,Diseases of the musculoskeletal...,1516,22,1.45,0.0914227941,0.9,2.21
558.9 ,Other and unspecified noninfectious...,Diseases of the digestive system,27317,365,1.45,0.0000000049016955,1.28,1.64
787.0 ,Nausea and vomiting,"Comorbidities, signs, and ill-defined...",6015,86,1.45,0.0014895746,1.15,1.81
577.0 ,Acute pancreatitis,Diseases of the digestive system,686,10,1.45,0.2446643293,0.69,2.7
440.9 ,Generalized and unspecified atherosclerosis,Diseases of the circulatory system,3072,44,1.44,0.0221357965,1.04,1.95
137.1 ,Late effects of central nervous...,Infectious and parasitic diseases,554,8,1.44,0.2822878079,0.62,2.86
728.2 ,"Muscular wasting and disuse atrophy,...",Diseases of the musculoskeletal...,553,8,1.44,0.2815909163,0.62,2.87
533.40 ,Chronic or unspecified peptic...,Diseases of the digestive system,1391,20,1.44,0.1059328288,0.87,2.24
366.10 ,"Senile cataract, unspecified",Diseases of the nervous system,23457,315,1.44,0.000000063261994,1.26,1.63
011.00 ,"Tuberculosis of lung, infiltrative,...",Infectious and parasitic diseases,908,13,1.43,0.1832422227,0.76,2.46
464.1 ,Acute tracheitis,Diseases of the respiratory system,1682,24,1.43,0.0857764593,0.91,2.14
307.81 ,Tension headache,Mental disorders,2456,35,1.43,0.041531864,0.99,2
370.20 ,"Superficial keratitis, unspecified",Diseases of the nervous system,768,11,1.43,0.2715446285,0.71,2.58
380.10 ,"Infective otitis externa, unspecified",Diseases of the nervous system,6074,85,1.42,0.0030312806,1.12,1.77
596.4 ,Atony of bladder,Diseases of the genitourinary...,982,14,1.42,0.1962423457,0.77,2.41
599.0 ,"Urinary tract infection, site...",Diseases of the genitourinary...,20951,281,1.42,0.00000052284464,1.24,1.62
599.7 ,Hematuria,Diseases of the genitourinary...,6490,91,1.42,0.0021761262,1.14,1.76
412 ,Old myocardial infarction,Diseases of the circulatory system,1761,25,1.42,0.0914925797,0.91,2.11
698.9 ,Unspecified pruritic disorder,Diseases of the skin and subcutaneous...,9710,135,1.42,0.0002153679,1.18,1.71
440 ,Atherosclerosis,Diseases of the circulatory system,914,13,1.42,0.2402166562,0.75,2.45
729.1 ,"Myalgia and myositis, unspecified",Diseases of the musculoskeletal...,16762,228,1.42,0.0000035018309,1.23,1.64
366.17 ,Total or mature cataract,Diseases of the nervous system,1054,15,1.42,0.1642988587,0.79,2.36
786.50 ,"Chest pain, unspecified","Comorbidities, signs, and ill-defined...",7819,109,1.42,0.0008608435,1.15,1.73
368.13 ,Visual discomfort,Diseases of the nervous system,6046,85,1.42,0.0024267932,1.13,1.78
923.00 ,Contusion of shoulder region,Injury and poisoning,637,9,1.41,0.313875341,0.64,2.7
692.9 ,"Contact dermatitis and other eczema,...",Diseases of the skin and subcutaneous...,38201,486,1.41,0.0000000032216489,1.26,1.58
155.2 ,"Malignant neoplasm of liver, not...",Neoplasms,567,8,1.41,0.2919812439,0.6,2.8
722.10 ,Displacement of lumbar intervertebral...,Diseases of the musculoskeletal...,1913,27,1.41,0.0829790593,0.92,2.07
923.9 ,Contusion of unspecified part...,Injury and poisoning,711,10,1.4,0.2580662358,0.67,2.6
009.0 ,"Infectious colitis, enteritis,...",Infectious and parasitic diseases,3799,53,1.4,0.0207490741,1.04,1.85
117.9 ,Other and unspecified mycoses,Infectious and parasitic diseases,714,10,1.4,0.2599179918,0.66,2.59
465.9 ,Acute upper respiratory infections...,Diseases of the respiratory system,81986,929,1.4,0.0000000090912953,1.24,1.57
716.9 ,"Arthropathy, unspecified",Diseases of the musculoskeletal...,4753,66,1.4,0.0117249641,1.07,1.8
362.60 ,"Peripheral retinal degeneration,...",Diseases of the nervous system,711,10,1.4,0.2580662358,0.67,2.6
367.89 ,Other disorders of refraction...,Diseases of the nervous system,642,9,1.4,0.3163053676,0.63,2.68
371.00 ,"Corneal opacity, unspecified",Diseases of the nervous system,711,10,1.4,0.2580662358,0.67,2.6
372.10 ,"Chronic conjunctivitis, unspecified",Diseases of the nervous system,29121,377,1.4,0.000000089898182,1.24,1.58
373.0 ,Blepharitis,Diseases of the nervous system,924,13,1.4,0.2428813452,0.74,2.42
511.9 ,Unspecified pleural effusion,Diseases of the respiratory system,1720,24,1.39,0.1131424254,0.89,2.09
362.5 ,Degeneration of macula and posterior...,Diseases of the nervous system,1218,17,1.39,0.1915049488,0.81,2.25
575.0 ,Acute cholecystitis,Diseases of the digestive system,645,9,1.39,0.3178442402,0.63,2.66
845.00 ,"Sprain of ankle, unspecified site",Injury and poisoning,644,9,1.39,0.3173246206,0.63,2.67
850.9 ,"Concussion, unspecified",Injury and poisoning,1304,18,1.38,0.1647188769,0.81,2.19
922.1 ,Contusion of chest wall,Injury and poisoning,3941,54,1.38,0.0284388743,1.03,1.81
924.11 ,Contusion of knee,Injury and poisoning,1231,17,1.38,0.1946275098,0.8,2.22
707.0 ,Decubitus ulcer,Diseases of the skin and subcutaneous...,2839,39,1.38,0.0569743214,0.97,1.9
531.00 ,"Acute gastric ulcer with hemorrhage,...",Diseases of the digestive system,1010,14,1.38,0.2069430619,0.75,2.34
780.52 ,"Insomnia, unspecified","Comorbidities, signs, and ill-defined...",17566,233,1.38,0.0000141767,1.2,1.6
564.9 ,Unspecified functional disorder...,Diseases of the digestive system,18935,249,1.38,0.0000127646,1.19,1.58
382.9 ,Unspecified otitis media,Diseases of the nervous system,2491,34,1.37,0.0841846982,0.94,1.92
692.79 ,Other dermatitis due to solar...,Diseases of the skin and subcutaneous...,655,9,1.37,0.3233990277,0.62,2.62
437.8 ,Other ill-defined cerebrovascular...,Diseases of the circulatory system,1017,14,1.37,0.2659801631,0.75,2.32
460 ,Acute nasopharyngitis [common...,Diseases of the respiratory system,33551,424,1.37,0.00000015403791,1.22,1.54
726.9 ,Unspecified enthesopathy,Diseases of the musculoskeletal...,727,10,1.37,0.3463363679,0.65,2.54
053.19 ,Herpes zoster with other nervous...,Infectious and parasitic diseases,657,9,1.36,0.3245865052,0.62,2.61
276.8 ,Hypopotassemia,"Endocrine, nutritional and metabolic...",1246,17,1.36,0.1989606948,0.79,2.2
493.20 ,"Chronic obstructive asthma, unspecified",Diseases of the respiratory system,4522,61,1.36,0.0231612421,1.03,1.76
780.4 ,Dizziness and giddiness,"Comorbidities, signs, and ill-defined...",42691,524,1.36,0.000000087431676,1.21,1.52
536.8 ,Dyspepsia and other specified...,Diseases of the digestive system,17819,233,1.36,0.0000389926,1.18,1.57
592.0 ,Calculus of kidney,Diseases of the genitourinary...,2520,34,1.35,0.0870770335,0.93,1.9
682.0 ,Cellulitis and abscess of face,Diseases of the skin and subcutaneous...,664,9,1.35,0.3289369008,0.61,2.58
924.01 ,Contusion of hip,Injury and poisoning,809,11,1.35,0.2883325925,0.67,2.44
011.9 ,"Pulmonary TB, unspecified",Infectious and parasitic diseases,1255,17,1.35,0.201926873,0.78,2.18
701.1 ,"Keratoderma, acquired",Diseases of the skin and subcutaneous...,1258,17,1.35,0.2029754749,0.78,2.17
780.50 ,"Sleep disturbance, unspecified","Comorbidities, signs, and ill-defined...",5383,72,1.35,0.0177410557,1.05,1.71
535.00 ,"Acute gastritis, without mention...",Diseases of the digestive system,15528,203,1.35,0.0001410248,1.16,1.57
536.9 ,Unspecified functional disorder...,Diseases of the digestive system,33824,422,1.35,0.00000074705137,1.2,1.51
569.9 ,Unspecified disorder of intestine,Diseases of the digestive system,956,13,1.35,0.2546280258,0.72,2.34
930.0 ,Corneal foreign body,Injury and poisoning,2756,37,1.34,0.0824788719,0.94,1.87
995.3 ,"Allergy, unspecified, not elsewhere...",Injury and poisoning,1716,23,1.34,0.1789947439,0.84,2.02
714.0 ,Rheumatoid arthritis,Diseases of the musculoskeletal...,2615,35,1.34,0.0926354953,0.93,1.88
715.00 ,"Osteoarthrosis, generalized, site...",Diseases of the musculoskeletal...,2836,38,1.34,0.0863208544,0.94,1.85
725 ,Polymyalgia rheumatica,Diseases of the musculoskeletal...,518,7,1.34,0.3763468934,0.54,2.8
786.09 ,Other respiratory abnormalities,"Comorbidities, signs, and ill-defined...",3513,47,1.34,0.0590542145,0.98,1.8
571.40 ,"Chronic hepatitis, unspecified",Diseases of the digestive system,8044,106,1.34,0.0057048081,1.08,1.63
598.9 ,"Urethral stricture, unspecified",Diseases of the genitourinary...,746,10,1.33,0.3537587334,0.64,2.48
910.0 ,"Abrasion or friction burn of face,...",Injury and poisoning,1120,15,1.33,0.2894700792,0.74,2.22
411.89 ,Other acute and subacute forms...,Diseases of the circulatory system,1647,22,1.33,0.1726094174,0.83,2.03
250.90 ,"Diabetes with unspecified complication,...","Endocrine, nutritional and metabolic...",5131,68,1.33,0.0268931098,1.03,1.71
728.9 ,"Unspecified disorder of muscle,...",Diseases of the musculoskeletal...,2623,35,1.33,0.0935590759,0.92,1.87
353.2 ,"Cervical root lesions, not elsewhere...",Diseases of the nervous system,821,11,1.33,0.2949544155,0.66,2.41
788.0 ,Renal colic,"Comorbidities, signs, and ill-defined...",599,8,1.33,0.4067775272,0.57,2.64
424.1 ,Aortic valve disorders,Diseases of the circulatory system,2811,37,1.32,0.1043984063,0.92,1.83
110 ,Dermatophytosis,Infectious and parasitic diseases,602,8,1.32,0.4084071314,0.57,2.63
464.2 ,Acute larygotracheitis,Diseases of the respiratory system,528,7,1.32,0.3848017937,0.53,2.74
491.9 ,Unspecified chronic bronchitis,Diseases of the respiratory system,21706,274,1.32,0.0000821096,1.15,1.51
300.9 ,Unspecified nonpsychotic mental...,Mental disorders,6652,87,1.32,0.0165837047,1.05,1.64
306.8 ,Other specified psychophysiological...,Mental disorders,601,8,1.32,0.4078572032,0.57,2.63
680.0 ,Carbuncle and furuncle of face,Diseases of the skin and subcutaneous...,533,7,1.31,0.5082943299,0.52,2.72
698.8 ,Other specified pruritic conditions,Diseases of the skin and subcutaneous...,2676,35,1.31,0.1180135681,0.9,1.83
722.73 ,Intervertebral disc disorder with...,Diseases of the musculoskeletal...,686,9,1.31,0.4380575487,0.59,2.5
787.3 ,"Flatulence, eructation, and gas...","Comorbidities, signs, and ill-defined...",7420,96,1.31,0.0141998953,1.05,1.61
794.8 ,Nonspecific abnormal results of...,"Comorbidities, signs, and ill-defined...",986,13,1.31,0.3333608684,0.69,2.26
372.20 ,"Blepharoconjunctivitis, unspecified",Diseases of the nervous system,2825,37,1.31,0.1059594521,0.92,1.82
373.00 ,"Blepharitis, unspecified",Diseases of the nervous system,3129,41,1.31,0.1022077586,0.93,1.79
373.12 ,Hordeolum internum,Diseases of the nervous system,757,10,1.31,0.3590250923,0.63,2.44
374.05 ,Trichiasis of eyelid without entropion,Diseases of the nervous system,8686,112,1.31,0.008993712,1.07,1.59
854.0 ,Intracranial injury of other and...,Injury and poisoning,613,8,1.3,0.4148879139,0.56,2.58
011.90 ,"Pulmonary tuberculosis, unspecified,...",Infectious and parasitic diseases,4169,54,1.3,0.0695816937,0.97,1.71
470 ,Deviated nasal septum,Diseases of the respiratory system,690,9,1.3,0.4395511841,0.59,2.48
375.56 ,"Stenosis of nasolacrimal duct,...",Diseases of the nervous system,1149,15,1.3,0.2975484578,0.72,2.16
455.6 ,Unspecified hemorrhoids without...,Diseases of the circulatory system,5293,68,1.29,0.0489993551,0.99,1.65
789.0 ,Abdominal pain,"Comorbidities, signs, and ill-defined...",27426,336,1.29,0.0000958649,1.13,1.46
464.0 ,Acute laryngitis,Diseases of the respiratory system,9362,118,1.28,0.0136462352,1.05,1.54
485 ,"Bronchopneumonia, organism unspecified",Diseases of the respiratory system,2268,29,1.28,0.2021359906,0.85,1.85
536 ,Disorders of function of stomach,Diseases of the digestive system,4057,52,1.28,0.0794377722,0.95,1.7
919.0 ,"Abrasion or friction burn of other,...",Injury and poisoning,2916,37,1.27,0.1592982203,0.89,1.76
153.9 ,"Malignant neoplasm of colon, unspecified...",Neoplasms,2205,28,1.27,0.2354691241,0.84,1.84
332.0 ,Paralysis agitans,Diseases of the nervous system,5471,69,1.27,0.0619949406,0.98,1.62
374.00 ,"Entropion, unspecified",Diseases of the nervous system,1333,17,1.27,0.3322494779,0.74,2.05
850.0 ,Concussion with no loss of consciousness,Injury and poisoning,1252,16,1.27,0.3186839721,0.72,2.08
597.80 ,"Urethritis, unspecified",Diseases of the genitourinary...,2377,30,1.26,0.213121448,0.84,1.81
388.30 ,"Tinnitus, unspecified",Diseases of the nervous system,4756,60,1.26,0.0886796527,0.96,1.64
477.8 ,Allergic rhinitis due to other...,Diseases of the respiratory system,1105,14,1.26,0.3629078443,0.68,2.13
719.49 ,"Pain in joint, multiple sites",Diseases of the musculoskeletal...,1744,22,1.26,0.27687411,0.78,1.92
719.99 ,"Unspecified disorder of joint,...",Diseases of the musculoskeletal...,552,7,1.26,0.5166108707,0.5,2.62
366.5 ,After-cataract,Diseases of the nervous system,792,10,1.26,0.4713392937,0.6,2.33
890.0 ,"Open wound of hip and thigh, without...",Injury and poisoning,558,7,1.25,0.5197375047,0.5,2.59
930.1 ,Foreign body in conjunctival sac,Injury and poisoning,2321,29,1.25,0.2477719537,0.83,1.8
696.1 ,Other psoriasis,Diseases of the skin and subcutaneous...,1269,16,1.25,0.3246307941,0.71,2.05
461.9 ,"Acute sinusitis, unspecified",Diseases of the respiratory system,7827,97,1.25,0.0411688554,1,1.54
472.2 ,Chronic nasopharyngitis,Diseases of the respiratory system,1193,15,1.25,0.3800400102,0.7,2.08
276.5 ,Volume depletion,"Endocrine, nutritional and metabolic...",1589,20,1.25,0.3107007352,0.76,1.95
486 ,"Pneumonia, organism unspecified",Diseases of the respiratory system,17264,210,1.25,0.004285124,1.07,1.45
722.93 ,"Other and unspecified disc disorder,...",Diseases of the musculoskeletal...,637,8,1.25,0.5460265701,0.54,2.48
782.3 ,Edema,"Comorbidities, signs, and ill-defined...",14634,179,1.25,0.0074811661,1.06,1.46
373.11 ,Hordeolum externum,Diseases of the nervous system,876,11,1.25,0.3980982058,0.62,2.25
680.9 ,Carbuncle and furuncle of unspecified...,Diseases of the skin and subcutaneous...,2741,34,1.24,0.2097703858,0.85,1.74
009.2 ,Infectious diarrhea,Infectious and parasitic diseases,1934,24,1.24,0.3009350081,0.79,1.85
592.1 ,Calculus of ureter,Diseases of the genitourinary...,1128,14,1.23,0.451250695,0.67,2.09
686.8 ,Other specified local infections...,Diseases of the skin and subcutaneous...,4971,61,1.23,0.1282465664,0.93,1.59
708 ,Urticaria,Diseases of the skin and subcutaneous...,1052,13,1.23,0.4363993563,0.65,2.12
473.9 ,Unspecified sinusitis (chronic),Diseases of the respiratory system,1778,22,1.23,0.3372795052,0.77,1.88
354.0 ,Carpal tunnel syndrome,Diseases of the nervous system,810,10,1.23,0.478193198,0.58,2.28
571.5 ,Cirrhosis of liver without mention...,Diseases of the digestive system,2507,31,1.23,0.2656393692,0.83,1.76
798.9 ,Unattended death,"Comorbidities, signs, and ill-defined...",647,8,1.23,0.5494985724,0.53,2.44
893.0 ,"Open wound of toe(s), without...",Injury and poisoning,980,12,1.22,0.5177603012,0.63,2.14
715.90 ,"Osteoarthrosis, unspecified whether...",Diseases of the musculoskeletal...,19259,229,1.22,0.0080587922,1.05,1.4
719.47 ,"Pain in joint, ankle and foot",Diseases of the musculoskeletal...,1056,13,1.22,0.4377263446,0.65,2.11
531.40 ,Chronic or unspecified gastric...,Diseases of the digestive system,653,8,1.22,0.5518487337,0.52,2.42
366.9 ,Unspecified cataract,Diseases of the nervous system,5592,68,1.22,0.1159413357,0.94,1.56
844.9 ,Sprains and strains of unspecified...,Injury and poisoning,1304,16,1.22,0.4021992846,0.69,2
424.0 ,Mitral valve disorders,Diseases of the circulatory system,2393,29,1.21,0.3018062258,0.8,1.75
693.9 ,Dermatitis due to unspecified...,Diseases of the skin and subcutaneous...,1483,18,1.21,0.4308113427,0.71,1.92
306.9 ,Unspecified psychophysiological...,Mental disorders,2717,33,1.21,0.2849085353,0.83,1.71
728.89 ,"Other disorders of muscle, ligament,...",Diseases of the musculoskeletal...,1150,14,1.21,0.4565742315,0.66,2.05
733.1 ,Pathological fracture,Diseases of the musculoskeletal...,983,12,1.21,0.5183916948,0.62,2.14
532.00 ,"Acute duodenal ulcer with hemorrhage,...",Diseases of the digestive system,745,9,1.2,0.5774661564,0.55,2.3
372.00 ,"Acute conjunctivitis, unspecified",Diseases of the nervous system,11012,131,1.2,0.0522043084,0.99,1.44
595.9 ,"Cystitis, unspecified",Diseases of the genitourinary...,4874,58,1.19,0.2138981676,0.9,1.55
429.9 ,"Heart disease, unspecified",Diseases of the circulatory system,4096,49,1.19,0.2329035761,0.88,1.59
290.0 ,"Senile dementia, uncomplicated",Mental disorders,7256,86,1.19,0.1307850038,0.94,1.48
491.20 ,Obstructive chronic bronchitis...,Diseases of the respiratory system,7418,88,1.19,0.1201061541,0.95,1.48
723.1 ,Cervicalgia,Diseases of the musculoskeletal...,2921,35,1.19,0.3022726266,0.83,1.67
365.11 ,Primary open angle glaucoma,Diseases of the nervous system,835,10,1.19,0.5989421442,0.57,2.21
913.0 ,"Abrasion or friction burn of elbow,...",Injury and poisoning,1351,16,1.18,0.4923663166,0.67,1.93
707.1 ,"Ulcer of lower limbs, except decubitus",Diseases of the skin and subcutaneous...,1432,17,1.18,0.5040589701,0.68,1.9
461.8 ,Other acute sinusitis,Diseases of the respiratory system,588,7,1.18,0.6751791235,0.47,2.46
715.35 ,"Osteoarthrosis, localized, not...",Diseases of the musculoskeletal...,1263,15,1.18,0.4788659283,0.66,1.96
487.1 ,Influenza with other respiratory...,Diseases of the respiratory system,15728,183,1.18,0.0415794887,1,1.38
290.9 ,Unspecified senile psychotic condition,Mental disorders,1426,17,1.18,0.5031286355,0.69,1.91
724.5 ,"Backache, unspecified",Diseases of the musculoskeletal...,16388,191,1.18,0.0369075185,1.01,1.38
780.7 ,Malaise and fatigue,"Comorbidities, signs, and ill-defined...",11804,138,1.18,0.0742735715,0.98,1.41
873.0 ,"Open wound of scalp, without mention...",Injury and poisoning,3667,43,1.17,0.314160979,0.84,1.59
389.9 ,Unspecified hearing loss,Diseases of the nervous system,4275,50,1.17,0.2763655495,0.86,1.55
924.5 ,Contusion of unspecified part...,Injury and poisoning,933,11,1.17,0.6190817458,0.58,2.11
892.0 ,Open wound of foot except toe(s)...,Injury and poisoning,2661,31,1.16,0.4319735175,0.78,1.66
716 ,Other and unspecified arthropathies,Diseases of the musculoskeletal...,1287,15,1.16,0.5729256346,0.64,1.92
574.20 ,Calculus of gallbladder without...,Diseases of the digestive system,2567,30,1.16,0.4237928407,0.78,1.67
590.10 ,Acute pyelonephritis without lesion...,Diseases of the genitourinary...,767,9,1.16,0.5851853963,0.53,2.23
883.0 ,"Open wound of finger(s), without...",Injury and poisoning,1909,22,1.15,0.4889057349,0.71,1.75
894 ,Multiple and unspecified open...,Injury and poisoning,603,7,1.15,0.679439625,0.46,2.4
455.8 ,Unspecified hemorrhoids with other...,Diseases of the circulatory system,1635,19,1.15,0.5318824917,0.69,1.82
349 ,Other and unspecified disorders...,Diseases of the nervous system,602,7,1.15,0.6791239142,0.46,2.4
782.1 ,Rash and other nonspecific skin...,"Comorbidities, signs, and ill-defined...",1299,15,1.15,0.575153534,0.64,1.91
578.1 ,Blood in stool,Diseases of the digestive system,778,9,1.15,0.589817416,0.52,2.2
592.9 ,"Urinary calculus, unspecified",Diseases of the genitourinary...,2090,24,1.14,0.5070419211,0.73,1.71
681.9 ,Cellulitis and abscess of unspecified...,Diseases of the skin and subcutaneous...,783,9,1.14,0.5920809601,0.52,2.18
724.2 ,Lumbago,Diseases of the musculoskeletal...,23466,264,1.14,0.0565675027,0.99,1.31
786.00 ,"Respiratory abnormality, unspecified","Comorbidities, signs, and ill-defined...",1649,19,1.14,0.5342050561,0.69,1.8
472 ,Chronic pharyngitis and nasopharyngitis,Diseases of the respiratory system,528,6,1.13,0.6619686559,0.41,2.48
719.4 ,Pain in joint,Diseases of the musculoskeletal...,2906,33,1.13,0.453517383,0.77,1.6
535.50 ,"Unspecified gastritis and gastroduodenitis,...",Diseases of the digestive system,17002,191,1.13,0.1185649532,0.97,1.32
380.22 ,Other acute otitis externa,Diseases of the nervous system,1685,19,1.12,0.6222735961,0.67,1.76
424.90 ,"Endocarditis, valve unspecified,...",Diseases of the circulatory system,619,7,1.12,0.6850660329,0.45,2.33
070.51 ,Acute hepatitis C without mention...,Infectious and parasitic diseases,622,7,1.12,0.686235967,0.45,2.32
492 ,Emphysema,Diseases of the respiratory system,2305,26,1.12,0.5282062774,0.73,1.65
780.6 ,Fever,"Comorbidities, signs, and ill-defined...",14244,159,1.12,0.1833424814,0.94,1.32
372.72 ,Conjunctival hemorrhage,Diseases of the nervous system,2741,31,1.12,0.4986811594,0.76,1.61
578.9 ,Hemorrhage of gastrointestinal...,Diseases of the digestive system,6518,73,1.12,0.3733553369,0.87,1.42
686.9 ,Unspecified local infection of...,Diseases of the skin and subcutaneous...,10916,121,1.11,0.2720719418,0.91,1.34
280 ,Iron deficiency anemias,Diseases of the blood and blood-forming...,805,9,1.11,0.721443265,0.5,2.12
733.00 ,"Osteoporosis, unspecified",Diseases of the musculoskeletal...,7352,82,1.11,0.3372530709,0.88,1.39
372.30 ,"Conjunctivitis, unspecified",Diseases of the nervous system,18622,206,1.11,0.1550611673,0.95,1.29
891.0 ,"Open wound of knee, leg [except...",Injury and poisoning,4880,54,1.1,0.4659055548,0.82,1.45
922.9 ,Contusion of unspecified part...,Injury and poisoning,813,9,1.1,0.7233078651,0.5,2.1
011 ,Pulmoary tuberculosis,Infectious and parasitic diseases,1444,16,1.1,0.6899710652,0.62,1.8
518.81 ,Acute respiratory failure,Diseases of the respiratory system,2703,30,1.1,0.5597905993,0.74,1.59
332.1 ,Secondary parkinsonism,Diseases of the nervous system,3170,35,1.1,0.5887925455,0.76,1.54
379.8 ,Other specified disorders of eye...,Diseases of the nervous system,548,6,1.09,0.8281072876,0.4,2.38
311 ,"Depressive disorder, not elsewhere...",Mental disorders,1368,15,1.09,0.68318989,0.61,1.81
805.4 ,Closed fracture of lumbar vertebra...,Injury and poisoning,2459,27,1.09,0.6108593743,0.71,1.6
601.9 ,"Prostatitis, unspecified",Diseases of the genitourinary...,1469,16,1.08,0.6937633879,0.61,1.77
998.5 ,Postoperative infection,Injury and poisoning,921,10,1.08,0.7402166168,0.51,2
708.9 ,"Urticaria, unspecified",Diseases of the skin and subcutaneous...,9400,102,1.08,0.4535802108,0.87,1.33
464.10 ,Acute tracheitis without mention...,Diseases of the respiratory system,10812,117,1.08,0.4221891598,0.88,1.31
478.1 ,Other diseases of nasal cavity...,Diseases of the respiratory system,1566,17,1.08,0.7027014409,0.62,1.74
523.9 ,Unspecified gingival and periodontal...,Diseases of the digestive system,1098,12,1.08,0.7603198137,0.56,1.91
884.0 ,Multiple and unspecified open...,Injury and poisoning,4270,46,1.07,0.6403042678,0.78,1.44
784.7 ,Epistaxis,"Comorbidities, signs, and ill-defined...",1671,18,1.07,0.7120648791,0.63,1.7
788.1 ,Dysuria,"Comorbidities, signs, and ill-defined...",3815,41,1.07,0.6807277512,0.76,1.46
370.40 ,"Keratoconjunctivitis, unspecified",Diseases of the nervous system,743,8,1.07,0.8525113136,0.46,2.12
924.20 ,Contusion of foot,Injury and poisoning,560,6,1.06,0.8303538818,0.39,2.33
266.9 ,Unspecified vitamin B deficiency,"Endocrine, nutritional and metabolic...",559,6,1.06,0.8301524831,0.39,2.34
276.1 ,Hyposmolality and/or hyponatremia,"Endocrine, nutritional and metabolic...",1122,12,1.06,0.7640307918,0.54,1.87
280.9 ,"Iron deficiency anemia, unspecified",Diseases of the blood and blood-forming...,2528,27,1.06,0.7625704231,0.69,1.55
294.9 ,Unspecified persistent mental...,Mental disorders,844,9,1.06,0.8616561069,0.48,2.02
569.3 ,Hemorrhage of rectum and anus,Diseases of the digestive system,657,7,1.06,0.8433497251,0.42,2.19
682.8 ,Cellulitis and abscess of other...,Diseases of the skin and subcutaneous...,1040,11,1.05,0.8753766809,0.52,1.89
958.3 ,Posttraumatic wound infection...,Injury and poisoning,2464,26,1.05,0.7604837003,0.68,1.54
372.39 ,Other conjunctivitis,Diseases of the nervous system,663,7,1.05,0.8443145137,0.42,2.17
374.0 ,Entropion and trichiasis of eyelid,Diseases of the nervous system,1318,14,1.05,0.7815724701,0.57,1.78
691 ,Atopic dermatitis and related...,Diseases of the skin and subcutaneous...,949,10,1.04,0.869601215,0.5,1.94
053.9 ,Herpes zoster without mention...,Infectious and parasitic diseases,3532,37,1.04,0.7978021111,0.73,1.44
708.0 ,Allergic urticaria,Diseases of the skin and subcutaneous...,3724,39,1.04,0.8027881232,0.73,1.43
709.8 ,Other specified disorders of skin,Diseases of the skin and subcutaneous...,1426,15,1.04,0.7902629296,0.58,1.73
216.9 ,"Benign neoplasm of skin, site...",Neoplasms,2280,24,1.04,0.8321475248,0.66,1.56
780.9 ,Other general symptoms,"Comorbidities, signs, and ill-defined...",2390,25,1.04,0.8360437432,0.67,1.54
366.50 ,"After-cataract, unspecified",Diseases of the nervous system,3518,37,1.04,0.7973011773,0.73,1.45
788.2 ,Retention of urine,"Comorbidities, signs, and ill-defined...",6763,71,1.04,0.7081003828,0.81,1.33
692.4 ,Contact dermatitis and other eczema...,Diseases of the skin and subcutaneous...,1245,13,1.03,0.8861123574,0.55,1.78
719.40 ,"Pain in joint, site unspecified",Diseases of the musculoskeletal...,9625,100,1.03,0.7508387744,0.83,1.27
581.9 ,Nephrotic syndrome with unspecified...,Diseases of the genitourinary...,1057,11,1.03,0.8765907326,0.51,1.86
154.1 ,Malignant neoplasm of rectum,Neoplasms,1258,13,1.02,0.8868856597,0.54,1.76
285.9 ,"Anemia, unspecified",Diseases of the blood and blood-forming...,9262,95,1.02,0.8715570363,0.82,1.26
726.90 ,Enthesopathy of unspecified site,Diseases of the musculoskeletal...,3794,39,1.02,0.8691358955,0.72,1.4
366 ,Cataract,Diseases of the nervous system,4976,51,1.02,0.8850556524,0.75,1.35
706.8 ,Other specified diseases of sebaceous...,Diseases of the skin and subcutaneous...,2359,24,1.01,0.9172225076,0.64,1.51
493.90 ,"Asthma, unspecified type, unspecified",Diseases of the respiratory system,13288,135,1.01,0.927148995,0.84,1.2
349.9 ,Unspecified disorders of nervous...,Diseases of the nervous system,3419,35,1.01,0.9308174949,0.7,1.42
357.9 ,Unspecified inflammatory and toxic...,Diseases of the nervous system,589,6,1.01,0.8372015198,0.37,2.21
560.39 ,Other impaction of intestine,Diseases of the digestive system,1473,15,1.01,0.8957818855,0.56,1.68
787.7 ,Abnormal feces,"Comorbidities, signs, and ill-defined...",883,9,1.01,0.8661758656,0.46,1.93
377.10 ,"Optic atrophy, unspecified",Diseases of the nervous system,883,9,1.01,0.8661758656,0.46,1.93
995.2 ,Unspecified adverse effect od...,Injury and poisoning,593,6,1,1,0.37,2.2
716.50 ,Unspecified polyarthropathy or...,Diseases of the musculoskeletal...,693,7,1,1,0.4,2.08
482 ,Other bacterial pneumonia,Diseases of the respiratory system,593,6,1,1,0.37,2.2
727.00 ,"Synovitis and tenosynovitis, unspecified",Diseases of the musculoskeletal...,8713,88,1,1,0.8,1.24
573.9 ,Unspecified disorder of liver,Diseases of the digestive system,691,7,1,0.8497102695,0.4,2.08
595.0 ,Acute cystitis,Diseases of the genitourinary...,6178,62,0.99,1,0.76,1.28
682.9 ,Cellulitis and abscess of unspecified...,Diseases of the skin and subcutaneous...,9782,98,0.99,1,0.8,1.22
692.5 ,Contact dermatitis and other eczema...,Diseases of the skin and subcutaneous...,699,7,0.99,1,0.4,2.06
009.1 ,"Colitis, enteritis, and gastroenteritis...",Infectious and parasitic diseases,1299,13,0.99,1,0.52,1.71
464.20 ,Acute laryngotracheitis without...,Diseases of the respiratory system,4083,41,0.99,1,0.71,1.36
372 ,Disorders of conjunctiva,Diseases of the nervous system,1804,18,0.99,1,0.58,1.57
791.0 ,Proteinuria,"Comorbidities, signs, and ill-defined...",898,9,0.99,1,0.45,1.9
891.1 ,"Open wound of knee, leg [except...",Injury and poisoning,1109,11,0.98,1,0.49,1.77
405.99 ,Other unspecified secondary hypertension,Diseases of the circulatory system,1115,11,0.98,1,0.48,1.76
716.99 ,"Arthropathy, unspecified, multiple...",Diseases of the musculoskeletal...,708,7,0.98,1,0.39,2.03
924.9 ,Contusion of unspecified site,Injury and poisoning,1935,19,0.97,1,0.58,1.53
698.2 ,Prurigo,Diseases of the skin and subcutaneous...,8363,82,0.97,0.821374254,0.76,1.21
493.00 ,"Extrinsic asthma, unspecified",Diseases of the respiratory system,1535,15,0.97,1,0.54,1.61
331.9 ,"Cerebral degeneration, unspecified",Diseases of the nervous system,613,6,0.97,1,0.35,2.13
571.9 ,Unspecified chronic liver disease...,Diseases of the digestive system,1538,15,0.97,1,0.54,1.6
892.1 ,Open wound of foot except toe(s)...,Injury and poisoning,616,6,0.96,1,0.35,2.12
531.90 ,"Gastric ulcer, unspecified as...",Diseases of the digestive system,6899,67,0.96,0.8045951785,0.74,1.23
162.9 ,Malignant neoplasm of bronchus...,Neoplasms,2906,28,0.95,0.9251075848,0.63,1.39
478.9 ,Other and unspecified diseases...,Diseases of the respiratory system,1353,13,0.95,1,0.5,1.64
724.00 ,"Spinal stenosis, unspecified region",Diseases of the musculoskeletal...,1357,13,0.95,1,0.5,1.63
355.0 ,Lesion of sciatic nerve,Diseases of the nervous system,522,5,0.95,1,0.31,2.23
430 ,Subarachnoid hemorrhage,Diseases of the circulatory system,733,7,0.94,1,0.38,1.96
719.48 ,"Pain in joint, other specified...",Diseases of the musculoskeletal...,737,7,0.94,1,0.38,1.95
786.3 ,Hemoptysis,"Comorbidities, signs, and ill-defined...",1887,18,0.94,0.9077703259,0.56,1.5
799.1 ,Respiratory arrest,"Comorbidities, signs, and ill-defined...",734,7,0.94,1,0.38,1.96
372.40 ,"Pterygium, unspecified",Diseases of the nervous system,1789,17,0.94,0.9053059303,0.54,1.51
894.0 ,Multiple and unspecified open...,Injury and poisoning,6362,60,0.93,0.6526409144,0.7,1.21
038.9 ,Unspecified septicemia,Infectious and parasitic diseases,4258,40,0.93,0.6971284748,0.66,1.27
155.0 ,"Malignant neoplasm of liver, primary",Neoplasms,1492,14,0.93,0.8964837875,0.5,1.57
162 ,"Malignant neoplasm, trachea, bronchus,...",Neoplasms,744,7,0.93,1,0.37,1.93
185 ,Malignant neoplasm of prostate,Neoplasms,3698,35,0.93,0.8020961789,0.65,1.31
716.90 ,"Arthropathy, unspecified, site...",Diseases of the musculoskeletal...,10154,96,0.93,0.5355215863,0.75,1.15
532.70 ,Chronic duodenal ulcer without...,Diseases of the digestive system,1697,16,0.93,0.9026688339,0.53,1.52
574.50 ,Calculus of bile duct without...,Diseases of the digestive system,641,6,0.93,1,0.34,2.03
848.8 ,Other specified sites of sprains...,Injury and poisoning,744,7,0.93,1,0.37,1.93
873.40 ,"Open wound of face, unspecified...",Injury and poisoning,3313,31,0.92,0.7252971824,0.62,1.32
386.12 ,Vestibular neuronitis,Diseases of the nervous system,2586,24,0.92,0.7656442211,0.58,1.37
788.3 ,Incontinence of urine,"Comorbidities, signs, and ill-defined...",4084,38,0.92,0.6907053694,0.65,1.27
519.9 ,Unspecified disease of respiratory...,Diseases of the respiratory system,982,9,0.91,1,0.41,1.73
151.9 ,"Malignant neoplasm of stomach,...",Neoplasms,1541,14,0.9,0.7978561838,0.49,1.52
458.9 ,"Hypotension, unspecified",Diseases of the circulatory system,874,8,0.9,1,0.39,1.8
188.9 ,"Malignant neoplasm of bladder,...",Neoplasms,1217,11,0.89,0.8849551343,0.44,1.61
492.8 ,Other emphysema,Diseases of the respiratory system,4522,41,0.89,0.5445971642,0.64,1.22
372.9 ,Unspecified disorder of conjunctiva,Diseases of the nervous system,996,9,0.89,0.8738101429,0.41,1.71
848.9 ,Unspecified site of sprain and...,Injury and poisoning,8423,76,0.89,0.3383133199,0.69,1.12
379.31 ,Aphakia,Diseases of the nervous system,1129,10,0.88,0.8804187705,0.42,1.62
599.9 ,Unspecified disorder of urethra...,Diseases of the genitourinary...,1689,15,0.88,0.7134209868,0.49,1.46
949.0 ,"Burn of unspecified site, unspecified...",Injury and poisoning,563,5,0.88,1,0.28,2.07
715.30 ,"Osteoarthrosis, localized, not...",Diseases of the musculoskeletal...,1006,9,0.88,0.8739561018,0.4,1.69
464.11 ,Acute tracheitis with obstruction,Diseases of the respiratory system,901,8,0.88,0.8672103616,0.38,1.74
300.89 ,Other somatoform disorders,Mental disorders,901,8,0.88,0.8672103616,0.38,1.74
402.91 ,Unspecified hypertensive heart...,Diseases of the circulatory system,1591,14,0.87,0.7051543921,0.47,1.47
389.10 ,"Sensorineural hearing loss, unspecified",Diseases of the nervous system,3731,33,0.87,0.5058890511,0.6,1.23
041.9 ,"Bacterial infection, unspecified,...",Infectious and parasitic diseases,1252,11,0.87,0.7760208298,0.43,1.56
372.3 ,Other and unspecified conjunctivitis,Diseases of the nervous system,1706,15,0.87,0.7138909923,0.48,1.44
847.2 ,Sprain of lumbar,Injury and poisoning,2838,25,0.87,0.5685624555,0.56,1.29
854.00 ,Intracranial injury of other and...,Injury and poisoning,1946,17,0.86,0.6472501641,0.5,1.39
873.8 ,Other and unspecified open wound...,Injury and poisoning,1147,10,0.86,0.7667548758,0.41,1.59
716.98 ,"Arthropathy, unspecified, other...",Diseases of the musculoskeletal...,804,7,0.86,0.8594220995,0.34,1.79
550.90 ,"Inguinal hernia, without mention...",Diseases of the digestive system,2632,23,0.86,0.5544190163,0.54,1.3
370.21 ,Punctate keratitis,Diseases of the nervous system,1949,17,0.86,0.6473563729,0.5,1.39
137 ,Late effects of TB,Infectious and parasitic diseases,1389,12,0.85,0.6860654804,0.44,1.5
454.9 ,Asymptomatic varicose veins,Diseases of the circulatory system,934,8,0.85,0.8685135051,0.36,1.68
873.4 ,"Facial laceration, without mention...",Injury and poisoning,1290,11,0.84,0.6750239939,0.42,1.52
882.0 ,Open wound of hand except finger(s)...,Injury and poisoning,2921,25,0.84,0.4541040512,0.54,1.25
700 ,Corns and callosities,Diseases of the skin and subcutaneous...,1412,12,0.84,0.6869234848,0.43,1.47
706.2 ,Sebaceous cyst,Diseases of the skin and subcutaneous...,586,5,0.84,1,0.27,1.98
532.90 ,"Duodenal ulcer, unspecified as...",Diseases of the digestive system,4438,38,0.84,0.3213914776,0.59,1.16
535.10 ,"Atrophic gastritis, without mention...",Diseases of the digestive system,704,6,0.84,0.8499901532,0.31,1.85
807.00 ,"Closed fracture of rib(s), unspecified",Injury and poisoning,705,6,0.84,0.8500160074,0.31,1.84
707.9 ,Chronic ulcer of unspecified site,Diseases of the skin and subcutaneous...,957,8,0.83,0.7447986994,0.35,1.64
461 ,Acute sinusitis,Diseases of the respiratory system,597,5,0.83,0.8382148433,0.27,1.95
783.2 ,Abnormal loss of weight,"Comorbidities, signs, and ill-defined...",1420,12,0.83,0.6874874393,0.43,1.47
370.23 ,Filamentary keratitis,Diseases of the nervous system,711,6,0.83,0.8502157574,0.3,1.83
077.1 ,Epidemic keratoconjunctivitis,Infectious and parasitic diseases,724,6,0.82,0.8509047525,0.3,1.79
137.0 ,Late effects of respiratory or...,Infectious and parasitic diseases,2895,24,0.82,0.3964848661,0.52,1.22
715.10 ,"Osteoarthrosis, localized, primary,...",Diseases of the musculoskeletal...,1083,9,0.82,0.7585792936,0.37,1.57
727.09 ,Other synovitis and tenosynovitis,Diseases of the musculoskeletal...,599,5,0.82,0.8382390546,0.27,1.94
786.59 ,Other chest pain,"Comorbidities, signs, and ill-defined...",2886,24,0.82,0.3960170543,0.52,1.23
584.9 ,"Acute kidney failure, unspecified",Diseases of the genitourinary...,606,5,0.81,0.8384095397,0.26,1.92
917.0 ,Abrasion or friction burn of foot...,Injury and poisoning,739,6,0.8,0.852116293,0.29,1.76
729.5 ,Pain in limb,Diseases of the musculoskeletal...,2083,17,0.8,0.4390103121,0.47,1.3
531.70 ,Chronic gastric ulcer without...,Diseases of the digestive system,1841,15,0.8,0.4805205066,0.45,1.33
366.19 ,Other and combined forms of senile...,Diseases of the nervous system,7133,58,0.79,0.0884207021,0.6,1.04
820.21 ,Closed fracture of intertrochanteric...,Injury and poisoning,1365,11,0.79,0.5844102202,0.39,1.43
388.40 ,"Abnormal auditory perception,...",Diseases of the nervous system,629,5,0.78,0.839869752,0.25,1.85
593.2 ,"Cyst of kidney, acquired",Diseases of the genitourinary...,773,6,0.77,0.7159718304,0.28,1.68
920 ,"Contusion of face, scalp, and...",Injury and poisoning,2540,20,0.77,0.315000845,0.47,1.2
710.2 ,Sicca syndrome,Diseases of the musculoskeletal...,653,5,0.76,0.6944010266,0.24,1.78
507.0 ,Pneumonitis due to inhalation...,Diseases of the respiratory system,522,4,0.76,0.8246292008,0.2,1.95
362.51 ,Nonexudative senile macular degeneration,Diseases of the nervous system,1037,8,0.76,0.533726087,0.33,1.51
370.00 ,"Corneal ulcer, unspecified",Diseases of the nervous system,519,4,0.76,0.8243612887,0.21,1.96
918.1 ,Superficial injury of cornea,Injury and poisoning,1439,11,0.75,0.4257128616,0.37,1.36
692.3 ,Contact dermatitis and other eczema...,Diseases of the skin and subcutaneous...,1178,9,0.75,0.5555619207,0.34,1.44
715.38 ,"Osteoarthrosis, localized, not...",Diseases of the musculoskeletal...,655,5,0.75,0.6945182278,0.24,1.77
281.9 ,Unspecified deficiency anemia,Diseases of the blood and blood-forming...,1056,8,0.75,0.5347300533,0.32,1.48
785.0 ,"Tachycardia, unspecified","Comorbidities, signs, and ill-defined...",525,4,0.75,0.8249259644,0.2,1.94
575.1 ,Other cholecystitis,Diseases of the digestive system,525,4,0.75,0.8249259644,0.2,1.94
821.00 ,Closed fracture of unspecified...,Injury and poisoning,1181,9,0.75,0.4659864752,0.34,1.43
601.0 ,Acute prostatitis,Diseases of the genitourinary...,797,6,0.74,0.5939382209,0.27,1.63
070.9 ,Unspecified viral hepatitis without...,Infectious and parasitic diseases,670,5,0.74,0.6959598772,0.24,1.73
331.0 ,Alzheimer's disease,Diseases of the nervous system,1193,9,0.74,0.4663312683,0.34,1.42
591 ,Hydronephrosis,Diseases of the genitourinary...,944,7,0.73,0.5131853508,0.29,1.52
805.8 ,Closed fracture of unspecified...,Injury and poisoning,680,5,0.73,0.6974530957,0.23,1.7
881.00 ,"Open wound of forearm, without...",Injury and poisoning,1495,11,0.72,0.3607801867,0.36,1.3
427.89 ,Other specified cardiac dysrhythmias,Diseases of the circulatory system,2174,16,0.72,0.233151747,0.41,1.18
362.9 ,Unspecified retinal disorder,Diseases of the nervous system,549,4,0.72,0.6693795542,0.19,1.85
843.9 ,Sprains and strains of unspecified...,Injury and poisoning,822,6,0.72,0.5965095427,0.26,1.58
781.9 ,Other symptoms involving nervous...,"Comorbidities, signs, and ill-defined...",1394,10,0.71,0.3440548867,0.34,1.31
560.1 ,Paralytic ileus,Diseases of the digestive system,1660,12,0.71,0.3205308588,0.37,1.25
916.0 ,"Abrasion or friction burn of hip,...",Injury and poisoning,2656,19,0.7,0.1406487821,0.42,1.1
290.20 ,Senile dementia with delusional...,Mental disorders,1426,10,0.69,0.2864316102,0.33,1.28
307.41 ,Transient disorder of initiating...,Mental disorders,1134,8,0.69,0.3706654364,0.3,1.38
786.9 ,Other symptoms involving respiratory...,"Comorbidities, signs, and ill-defined...",569,4,0.69,0.6713437143,0.19,1.79
873.42 ,"Open wound of forehead, without...",Injury and poisoning,864,6,0.68,0.4914622673,0.25,1.5
594.1 ,Other calculus in bladder,Diseases of the genitourinary...,598,4,0.66,0.5383248226,0.18,1.7
433.2 ,Occlusion and stenosis of vertebral...,Diseases of the circulatory system,605,4,0.65,0.5389779133,0.18,1.68
922.3 ,Contusion of back,Injury and poisoning,1678,11,0.64,0.1746733648,0.32,1.16
719.90 ,"Unspecified disorder of joint,...",Diseases of the musculoskeletal...,613,4,0.64,0.5401281686,0.17,1.66
344.61 ,Cauda equina syndrome with neurogenic...,Diseases of the nervous system,771,5,0.64,0.4654721396,0.21,1.5
684 ,Impetigo,Diseases of the skin and subcutaneous...,639,4,0.62,0.4283978869,0.17,1.59
780.0 ,Alteration of consciousness,"Comorbidities, signs, and ill-defined...",1900,12,0.62,0.1049199943,0.32,1.09
533.50 ,Chronic or unspecified peptic...,Diseases of the digestive system,659,4,0.6,0.4306558844,0.16,1.54
708.8 ,Other specified urticaria,Diseases of the skin and subcutaneous...,1005,6,0.59,0.2635697562,0.21,1.29
345.90 ,"Epilepsy, unspecified, without...",Diseases of the nervous system,1023,6,0.58,0.2084056064,0.21,1.26
798.2 ,Death occurring in less than 24...,"Comorbidities, signs, and ill-defined...",864,5,0.57,0.3007628032,0.18,1.34
924.10 ,Contusion of lower leg,Injury and poisoning,531,3,0.56,0.5075673502,0.11,1.64
261 ,Nutritional marasmus,"Endocrine, nutritional and metabolic...",528,3,0.56,0.5065325116,0.11,1.65
331.4 ,Obstructive hydrocephalus,Diseases of the nervous system,524,3,0.56,0.5052583724,0.12,1.66
820.00 ,Closed fracture of intracapsular...,Injury and poisoning,708,4,0.56,0.3411816706,0.15,1.43
914.0 ,Abrasion or friction burn of hand(s)...,Injury and poisoning,712,4,0.55,0.3420702631,0.15,1.42
306.4 ,Gastrointestinal malfunction arising...,Mental disorders,535,3,0.55,0.3882602421,0.11,1.62
331.3 ,Communicating hydrocephalus,Diseases of the nervous system,710,4,0.55,0.3416125978,0.15,1.43
370.9 ,Unspecified keratitis,Diseases of the nervous system,542,3,0.54,0.3886261636,0.11,1.6
799.8 ,Other ill-defined conditions,"Comorbidities, signs, and ill-defined...",916,5,0.54,0.1847385368,0.17,1.26
854.01 ,Intracranial injury of other and...,Injury and poisoning,926,5,0.53,0.1851677425,0.17,1.25
263.9 ,Unspecified protein-calorie malnutrition,"Endocrine, nutritional and metabolic...",1317,7,0.52,0.0942510199,0.21,1.08
464.4 ,Croup,Diseases of the respiratory system,596,3,0.49,0.3007895037,0.1,1.46
785.50 ,"Shock, unspecified","Comorbidities, signs, and ill-defined...",605,3,0.49,0.3025630394,0.1,1.43
590.9 ,"Infection of kidney, unspecified",Diseases of the genitourinary...,625,3,0.47,0.2290789475,0.1,1.39
379.99 ,Other ill-defined disorders of...,Diseases of the nervous system,647,3,0.46,0.2316869226,0.09,1.34
704.8 ,Other specified diseases of hair...,Diseases of the skin and subcutaneous...,1292,6,0.45,0.0487834355,0.17,1
574.10 ,Calculus of gallbladder with other...,Diseases of the digestive system,683,3,0.43,0.1754281099,0.09,1.27
388.01 ,Presbyacusis,Diseases of the nervous system,599,2,0.33,0.1443669945,0.04,1.19
011.40 ,"Tuberculous fibrosis of lung,...",Infectious and parasitic diseases,664,2,0.3,0.0759078668,0.04,1.07
416 ,Chronic pulmonary heart disease,Diseases of the circulatory system,585,0,0.17,0.0055439162,,0.62
215.9 ,Other benign neoplasm of connective...,Neoplasms,569,1,0.17,0.0528855593,0,0.96
505 ,"Pneumoconiosis, unspecified",Diseases of the respiratory system,840,1,0.12,0.0045573554,0,0.65
